gid,stratum,weak
g000,intent:hardware_damage,hardware_damage
g001,intent:performance_crash,performance_crash
g002,edge:pii,general_complaint
g003,multi_turn,hardware_damage
g004,intent:data_loss_sync,data_loss_sync
g005,intent:keyboard_text_bug,keyboard_text_bug
g006,multi_turn,performance_crash
g007,multi_turn,apps_services
g008,edge:pii,account_store_repair
g009,intent:connectivity,connectivity
g010,intent:connectivity,connectivity
g011,edge:abuse_no_symptom,performance_crash
g012,intent:account_store_repair,account_store_repair
g013,multi_turn,non_english
g014,intent:battery_power,battery_power
g015,intent:battery_power,battery_power
g016,intent:hardware_damage,hardware_damage
g017,edge:non_english,non_english
g018,multi_turn,apps_services
g019,intent:non_english,non_english
g020,intent:performance_crash,performance_crash
g021,intent:general_complaint,general_complaint
g022,intent:hardware_damage,hardware_damage
g023,multi_turn,performance_crash
g024,intent:general_complaint,general_complaint
g025,multi_turn,performance_crash
g026,intent:hardware_damage,hardware_damage
g027,intent:connectivity,connectivity
g028,short,apps_services
g029,multi_turn,performance_crash
g030,intent:general_complaint,general_complaint
g031,intent:battery_power,battery_power
g032,intent:keyboard_text_bug,keyboard_text_bug
g033,short,general_complaint
g034,intent:apps_services,apps_services
g035,intent:general_complaint,general_complaint
g036,multi_turn,general_complaint
g037,short,general_complaint
g038,intent:battery_power,battery_power
g039,multi_turn,general_complaint
g040,edge:legal,apps_services
g041,multi_turn,hardware_damage
g042,intent:apps_services,apps_services
g043,intent:general_complaint,general_complaint
g044,intent:account_store_repair,account_store_repair
g045,intent:battery_power,battery_power
g046,intent:account_store_repair,account_store_repair
g047,edge:closure,general_complaint
g048,short,general_complaint
g049,intent:account_store_repair,account_store_repair
g050,multi_turn,general_complaint
g051,multi_turn,general_complaint
g052,intent:data_loss_sync,data_loss_sync
g053,multi_turn,general_complaint
g054,intent:battery_power,battery_power
g055,intent:battery_power,battery_power
g056,short,general_complaint
g057,intent:apps_services,apps_services
g058,intent:account_store_repair,account_store_repair
g059,multi_turn,general_complaint
g060,intent:account_store_repair,account_store_repair
g061,short,general_complaint
g062,short,general_complaint
g063,intent:general_complaint,general_complaint
g064,intent:data_loss_sync,data_loss_sync
g065,multi_turn,connectivity
g066,intent:non_english,non_english
g067,intent:performance_crash,performance_crash
g068,short,battery_power
g069,intent:connectivity,connectivity
g070,intent:non_english,non_english
g071,intent:keyboard_text_bug,keyboard_text_bug
g072,edge:safety,general_complaint
g073,multi_turn,general_complaint
g074,intent:performance_crash,performance_crash
g075,intent:hardware_damage,hardware_damage
g076,intent:hardware_damage,hardware_damage
g077,short,performance_crash
g078,intent:keyboard_text_bug,keyboard_text_bug
g079,short,performance_crash
g080,intent:apps_services,apps_services
g081,intent:general_complaint,general_complaint
g082,short,general_complaint
g083,edge:closure,general_complaint
g084,intent:apps_services,apps_services
g085,intent:data_loss_sync,data_loss_sync
g086,edge:legal,apps_services
g087,short,general_complaint
g088,intent:performance_crash,performance_crash
g089,edge:legal,performance_crash
g090,short,keyboard_text_bug
g091,intent:non_english,non_english
g092,intent:hardware_damage,hardware_damage
g093,intent:general_complaint,general_complaint
g094,intent:hardware_damage,hardware_damage
g095,edge:closure,general_complaint
g096,multi_turn,hardware_damage
g097,intent:performance_crash,performance_crash
g098,intent:hardware_damage,hardware_damage
g099,edge:safety,general_complaint
g100,intent:connectivity,connectivity
g101,intent:data_loss_sync,data_loss_sync
g102,multi_turn,non_english
g103,intent:performance_crash,performance_crash
g104,multi_turn,hardware_damage
g105,multi_turn,general_complaint
g106,intent:apps_services,apps_services
g107,short,general_complaint
g108,multi_turn,performance_crash
g109,intent:battery_power,battery_power
g110,intent:data_loss_sync,data_loss_sync
g111,intent:data_loss_sync,data_loss_sync
g112,short,general_complaint
g113,short,general_complaint
g114,intent:hardware_damage,hardware_damage
g115,intent:hardware_damage,hardware_damage
g116,intent:general_complaint,general_complaint
g117,intent:performance_crash,performance_crash
g118,intent:general_complaint,general_complaint
g119,intent:general_complaint,general_complaint
g120,multi_turn,apps_services
g121,multi_turn,performance_crash
g122,intent:battery_power,battery_power
g123,intent:battery_power,battery_power
g124,intent:general_complaint,general_complaint
g125,multi_turn,general_complaint
g126,intent:non_english,non_english
g127,intent:account_store_repair,account_store_repair
g128,multi_turn,general_complaint
g129,intent:general_complaint,general_complaint
g130,intent:keyboard_text_bug,keyboard_text_bug
g131,multi_turn,general_complaint
g132,intent:apps_services,apps_services
g133,edge:safety,general_complaint
g134,intent:performance_crash,performance_crash
g135,multi_turn,general_complaint
g136,intent:apps_services,apps_services
g137,intent:connectivity,connectivity
g138,intent:data_loss_sync,data_loss_sync
g139,intent:keyboard_text_bug,keyboard_text_bug
g140,multi_turn,non_english
g141,intent:general_complaint,general_complaint
g142,short,general_complaint
g143,edge:non_english,non_english
g144,intent:performance_crash,performance_crash
g145,intent:general_complaint,general_complaint
g146,intent:general_complaint,general_complaint
g147,intent:connectivity,connectivity
g148,intent:connectivity,connectivity
g149,intent:general_complaint,general_complaint
g150,edge:non_english,non_english
g151,edge:abuse_no_symptom,hardware_damage
g152,multi_turn,general_complaint
g153,intent:account_store_repair,account_store_repair
g154,intent:apps_services,apps_services
g155,edge:pii,keyboard_text_bug
g156,multi_turn,general_complaint
g157,intent:connectivity,connectivity
g158,intent:apps_services,apps_services
g159,intent:account_store_repair,account_store_repair
g160,intent:keyboard_text_bug,keyboard_text_bug
g161,multi_turn,general_complaint
g162,multi_turn,general_complaint
g163,intent:performance_crash,performance_crash
g164,multi_turn,general_complaint
g165,intent:non_english,non_english
g166,multi_turn,performance_crash
g167,multi_turn,general_complaint
g168,intent:general_complaint,general_complaint
g169,short,general_complaint
g170,multi_turn,general_complaint
g171,intent:account_store_repair,account_store_repair
g172,intent:non_english,non_english
g173,intent:apps_services,apps_services
g174,short,general_complaint
g175,intent:data_loss_sync,data_loss_sync
g176,intent:keyboard_text_bug,keyboard_text_bug
g177,edge:safety,general_complaint
g178,multi_turn,apps_services
g179,intent:data_loss_sync,data_loss_sync
g180,intent:apps_services,apps_services
g181,intent:data_loss_sync,data_loss_sync
g182,intent:performance_crash,performance_crash
g183,intent:performance_crash,performance_crash
g184,intent:battery_power,battery_power
g185,intent:general_complaint,general_complaint
g186,multi_turn,general_complaint
g187,intent:battery_power,battery_power
g188,intent:non_english,non_english
g189,short,battery_power
g190,intent:non_english,non_english
g191,multi_turn,general_complaint
g192,intent:performance_crash,performance_crash
g193,edge:abuse_no_symptom,performance_crash
g194,intent:general_complaint,general_complaint
g195,intent:keyboard_text_bug,keyboard_text_bug
g196,intent:performance_crash,performance_crash
