gid,customer_tweet_id,brand_tweet_id,created_at,context,customer_message,brand_reply,n_context_turns,customer_seen_in_kb,intent,should_escalate,escalation_reason,note,taxonomy_gap,insufficient_context,multi_intent,evidence_unavailable
g000,566786,566785,2017-12-03 01:26:50+00:00,,"my headphone jack on my phone wasn’t working for months and today it started to work but my speaker stopped, anyway to get it off of headphones when nothing is plugged in to it?",We're happy to assist. Which iOS version are you currently running? Go to Settings > General > About for the version.,0,False,hardware_damage,True,hardware,"jack dead for months, now speaker dead; stuck in headphone mode - likely port/speaker fault",False,False,False,False
g001,491444,491443,2017-12-01 16:27:37+00:00,,this iOS update SUCKS!!!!!!!! Phone freezes literally every 5 minutes. Seriously considering getting rid of my iPhone.,That's not the experience we want you to have. We want to help you. Send us a DM letting us know the exact version of iOS on your phone. <url>,0,False,performance_crash,False,none,,False,False,False,False
g002,90244,90243,2017-11-30 12:38:21+00:00,,all most 22 days has passed & no outcome in my case (<PHONE>).,Please send us a Direct Message at the link below so we can review this more with you today. Thank you! <url>,0,False,account_store_repair,True,private_info,open case 22 days; needs case lookup (repeat_contact also fits),False,False,False,False
g003,2913288,2913290,2017-11-28 22:34:23+00:00,"customer: My phones Operating System was the last version of ios10 (10.03 maybe). Yesterday I faced lags on various applications and 1-3
brand: Thanks for reaching out and providing detailed information. We want to help. Did you back up your phone before updating? Do you have a computer with iTunes on it?",I did not back up before updating. Yes i have a macbook,"OK, let's try to force re-start it. Here's how: <url>",2,False,performance_crash,False,none,continuing lag-after-update thread; answering brand questions,False,False,False,False
g004,592291,592290,2017-12-03 16:13:40+00:00,,I updated my iOS and lost all my pictures from my first two days in Rome. I’m so mad st y’all,"We understand how precious those memories are, and want to get you to the right place for help with locating them. Reach our Photos team here: <url>",0,False,data_loss_sync,False,none,reply: check Recently Deleted / iCloud Photo Library,False,False,False,False
g005,2961372,2961370,2017-11-29 20:51:28+00:00,,fix the fcking I problem I’m tired of seeing question marks on my damn timeline,"Great news. The issue was fixed in a recent update. To update to iOS 11.1.2, go to Settings > General > Software Update and tap Download and Install. We recommend having a current backup prior to updating. If you have any questions, just let us know.",0,False,keyboard_text_bug,False,none,,False,False,False,False
g006,462021,462023,2017-12-01 02:45:56+00:00,"customer: found a bug <url>
brand: It looks like your video hasn't come through on our end, but we'd like to help regardless. What's happening exactly in your device and which model do you have? Also, which exact iOS version is installed and have you tried any steps so far?",iPhone 7 iOS 11.1.2. Settings trying to change my email signature. Click on it and crash.,Does this issue persist after restarting? Follow the steps here and let us know if it works for you: <url> DM us if you are unsuccessful: <url>,2,False,apps_services,False,none,Settings app crashes on email signature,False,False,False,False
g007,506471,506472,2017-12-01 22:23:05+00:00,"customer: why can’t my sister listen to music she bought on itunes when i have individual apple music ?
brand: We’d like to help with your Apple Music. Is she also using Apple Music? Are you both using the same Apple ID?
customer: we’re both using the same apple id. she doesn’t have an apple music so she’s just listening to a song she BOUGHT on itunes yesterday . i pay for individual apple music monthly . w
brand: Thanks. Does she get an error message when she tries to play the song?",she said she can listen to the songs unless i’m listening to apple music on my phone . we both get a message that says “looks like you’re listening on another device”,"Reach out to us via DM, then we can advise you on this from there. <url>",4,False,apps_services,False,none,2 brand turns but diagnosis reached: shared Apple ID + Individual plan = one stream; public answer possible,False,False,False,False
g008,2964132,2964131,2017-11-29 21:43:51+00:00,,"Hi, I got replacement EarPods and the guy told me yesterday I don’t have to send them back to you guys, but I have a return shipping label. Do I send them to Apple? He is the Repair ID: <LONG_ID>",We're glad to look into this with you and help! Please DM us to proceed from here. <url>,0,True,account_store_repair,True,private_info,repair ID / return label logistics,False,False,False,False
g009,2890666,2890664,2017-11-28 10:41:26+00:00,,"after a few days updating to iOS 11.1.1, my WiFi connection is short-reaching area.",Hello. We'd love to assist you with this. Does this issue occur with multiple WiFi networks or one in particular?,0,False,connectivity,False,none,,False,False,False,False
g010,453894,453892,2017-11-30 22:50:57+00:00,,It would be cool if would fix their shit so I dont have to restart my computer and router to connect to wifi,"We know you need a reliable Wi-Fi connection. We're happy to help. To get started, which macOS version is installed? Do you receive an error when you try to connect to Wi-Fi?",0,False,connectivity,False,none,hostile but concrete Wi-Fi symptom,False,False,False,False
g011,500067,500066,2017-12-01 18:50:05+00:00,customer: I️ used lomography 100 speed film for the last pics I’ve posted. Honestly I️ wasn’t so crazy about it. I️ highly doubt I’ll use it again. 🤷🏽‍♀️,Why tf is this glitch still fuckn up? what do I️ need to do. This shit is annoying. 😩,"We've got steps that can solve that. Which version of iOS are you using? You can check at Settings > General > About. If you're not on iOS 11.1.1 or higher, backup with these steps: <url> then update and let us know in DM if that still happens. <url>",1,False,keyboard_text_bug,False,none,vague 'glitch' but I-bug glyph visible in text; context off-topic,False,False,False,False
g012,489608,489607,2017-12-01 15:46:37+00:00,,"What happens to technical support in Brazil? They lied to me! Of all the companies the only one not expecting this was . Brazil fail! repair number <LONG_ID>. I am very very disappointed. But that's my problem, said Apple Brazil.",Thanks for reaching out to us. We're always happy to help. Send us a DM with more details. We'd be happy to look into this with you there. <url>,0,False,account_store_repair,True,private_info,"repair number, Brazil support complaint",False,False,False,False
g013,512534,512536,2017-12-01 23:41:06+00:00,"customer: I don’t understand why my purchase ain’t working I need It fixed or I’m finna blow y’all notifications up you decide!
brand: We'd like to help guide you in the right direction to find a solution. What's happening?",I purchased the new Miguel Album It says it’s downloaded to my phone but It will not let me play the album,Do you receive an error or message? Let us know in DM. <url>,2,False,apps_services,False,none,purchased album won't play,False,False,False,False
g014,105423,105422,2017-11-30 17:58:58+00:00,,"Hi, how can I check my iPhone's battery health? Any way without going to an Apple Store?",We can definitely understand your concern. We would want to make sure our battery health is good too. Let's partner together in DM and go from there. <url>,0,False,battery_power,False,none,how-to: battery health check,False,False,False,False
g015,487858,487856,2017-12-01 14:47:51+00:00,,I have an iPad Mini 4 that has automatic updates turned on but never does them automatically. Tried turning off/on. Thoughts?,"We'll do all we can to assist. Are you running iOS 11.1.2? Also, at Settings > [your name] > iTunes & App Stores, are Auto Updates and Use Cellular Data both turned on? Or are you trying to do auto updates whilst connect to Wi0Fi?",0,False,apps_services,False,none,auto-updates not running; no update bucket in guide; toggling setting is not a standard step,True,False,False,False
g016,601373,601370,2017-12-03 21:22:39+00:00,,Why tf is my mac taking 20 min to start !!! Fix it this new update fvckin sucks already,Let's work together to figure this out. What are you seeing on the screen when your Mac is starting up?,0,False,performance_crash,False,none,,False,False,False,False
g017,2967864,2967863,2017-11-29 23:21:00+00:00,customer: Acabo de recibir un Email “aparentemente” legitimo pero que me huele a hoax #applephishing #apple <url>,podeis verificar si es un hoax realmente por favor?,We offer support via Twitter in English. Get help in Spanish here: <url> or join <url>,1,False,non_english,False,none,,False,False,False,False
g018,447420,447422,2017-12-03 11:57:03+00:00,"customer: why don’t the activity rings on my Apple Watch sync with the Workout app for walking!?!!?
brand: Let's look into this together. When you start walking do you start the workout in the Workout app? Here's an article to help with this: <url>","Yes, I’ve used this app for two years.","What version of watchOS, and iOS are you running on your devices? DM us back. <url>",2,True,apps_services,False,none,Activity/Workout app sync,False,False,False,False
g019,2948295,2948293,2017-11-29 16:02:33+00:00,,Yo I have been trying to recover my account since nov 20th and cannot access my account whatsoever and cant use my phone help,We'd like to help! Are you referring to recovering your Apple ID?,0,False,account_store_repair,True,private_info,Apple ID recovery,False,False,False,False
g020,503643,503642,2017-12-01 19:32:04+00:00,,another keyboard glitch. Fix I.T,Hi. We'd like to help with this. DM us and tell us the device you have and the version OS you're running. <url>,0,False,keyboard_text_bug,False,none,,False,False,False,False
g021,491442,491441,2017-12-01 16:21:15+00:00,,is worth Billions of dollars and can’t fix this it ( I.T ) problem. First it was the I crap bullshit now it’s this I.T come on get it together already. So frustrating,"We can assist with this issue. As a first step try this. Go to Settings > General > Reset and choose Reset Keyboard Dictionaries. Then reboot the device and test. If the issue persists after that, let us know what device and iOS version your on via a DM. <url>",0,False,keyboard_text_bug,False,none,,False,False,False,False
g022,2925631,2925630,2017-11-29 03:29:24+00:00,,"So, What’s the deal when I’m playing a podcast in , the lock screen shows player controls for YouTube(?), and if I take my AirPod out for a second and put it back in, starts playing a song I listened to a week ago, interrupting my podcast?",We appreciate you reaching out to us. Not having your Music App work correctly would concern us too. That being said let partner together to resolve this. DM us so we can get started. <url>,0,False,apps_services,False,none,Podcasts/Music playback behaviour with AirPods,False,False,False,False
g023,72149,72151,2017-11-30 15:11:19+00:00,"customer: my phone is suuuper slow lately, wtf :-(
brand: We can help with iPhone performance. Do you know what version of the iOS is on the device? Also, are you seeing this issue with any specific apps or usage? Do you do anything to restore function?","im using ios 11, it’s super laggy whenever i receive a notification or sometimes when im typing a message, after i hit send itll cut off the last few letters i typed",Thanks for that info. We'd like to take a further look into this. Let's meet in DM. <url>,2,False,performance_crash,False,none,first symptom lag; dropped letters are a consequence of lag rather than autocorrect bug,False,False,True,False
g024,563067,563066,2017-12-02 22:55:55+00:00,,"Thanks I love plugging your dongle into my phone and getting the message, ""This device accessory is not supported"" ??????????????","Help is here! What iOS version is currently installed on your device? Since experiencing the issue, have you tried restarting your device?",0,False,connectivity,False,none,"accessory not supported; port/cable issue, no damage stated; troubleshoot first",False,False,False,False
g025,489615,489613,2017-12-01 15:30:17+00:00,"customer: Hi, i been experiencing a weird bug on my 2015 MBP today. I have documented it here on <url> (apple's stackexchange). I cant find any solutions anywhere :(
brand: That's definitely not expected behavior and we're happy to do everything we can to help. To start, can you tell us which version of software you're using on your MacBook Pro? You can find this by going to the Apple at the top left corner and selecting ""About This Mac"".",Turns out it was one of Synergy 2 beta background service that was crashing and restarting over and over again. Problem fixed :),"We’re glad you were able to get to the bottom of this, we appreciate the time you’ve spent with us to get this resolved. Enjoy the rest of your day!",2,False,other,False,none,closure,False,False,False,False
g026,452621,452620,2017-11-30 22:07:09+00:00,,Anyone ever seen a MacBook do this? Only happens for a split second when I exit standby and pretty sure it only started doing it since I updated to High Sierra. ? <url>,Thanks for reaching out. We're happy to see what we can do to assist. Send us a DM and we'll follow up there. <url>,0,False,performance_crash,False,none,"screen glitch on wake, no physical damage stated",False,False,False,True
g027,602365,602364,2017-12-03 21:26:14+00:00,,Bruh my iPad won’t even connect to WiFi nor will the settings app open WTF,We'd love to help you with your iPad! Which version of iOS are you using? When did this problem start?,0,False,connectivity,False,none,first symptom Wi-Fi; Settings not opening second,False,False,True,False
g028,2949592,2949591,2017-11-29 16:41:52+00:00,,When will we get the TV app in the UK?,We appreciate your interest and encourage you to stay up to date on Apple news here: <url>,0,True,other,False,none,product availability question,False,False,False,False
g029,481837,481839,2017-12-01 15:37:51+00:00,"customer: The function ""paste"" (command + V) is not working in my #MacBookAir since the last security update. Can you help me?
brand: We'd like to look into this with you. To get started, does your Command functions work? Since noticing the issue, have you restarted the Mac. Does it resolve the issue?","Command is working. The problem is in the software, not in the hardware. I restarted a few times and the problema remains.",Thank you. We'd like to explore additional support options. Send us a DM including the country you're located in. We'll continue there. <url>,2,False,apps_services,True,repeat_contact,Cmd+V shortcut broken; restarted several times already. Intent hard: no clipboard bucket,True,False,False,False
g030,543745,543744,2017-12-02 08:05:05+00:00,,my iphone on ios 11.1.2 keeps respringing every minute. What can I do?,We're here to help. Which iPhone model are you currently using and what displays immediately on the screen for you when your device unexpectedly restarts? Let's also try the steps here: <url>,0,False,performance_crash,False,none,,False,False,False,False
g031,2893396,2893395,2017-11-28 14:17:19+00:00,,"Hi, are you thinking of doing anything to solve the battery problem? Got worse after every update. My iPhone 6 died because of you and I’m very angry!","If you're running into issues with the battery on your iPhone, we'd like to help you out. Please meet us in DM with the following information: - Current iOS version on iPhone: - More specifics about the power / battery issues you're seeing: <url>",0,False,battery_power,False,none,,False,False,False,False
g032,101262,101260,2017-11-30 17:03:06+00:00,,Why does the iPhone have “I.T” as the autocorrect for “it”??!,Thanks for reaching out. We'd be happy to help. Which version of iOS are you using? You can check in Settings > General > About.,0,False,keyboard_text_bug,False,none,,False,False,False,False
g033,553649,553648,2017-12-02 16:21:56+00:00,,help me fix my mac,"Hey there, we'd love to help you out with your Mac! Meet with us in DM, and let is know exactly what issues you're experiencing, and we can assist from there. You can meet us in DM, here: <url>",0,False,general_complaint,False,none,no symptom; ask clarifying question,False,True,False,False
g034,96980,96978,2017-11-30 16:01:03+00:00,,Why is the double tap summoning Siri? <url>,We're here to help. Have you restarted your iPhone since applying this change in settings? <url>,0,True,apps_services,False,none,Siri triggered by double tap,False,False,False,True
g035,501516,501515,2017-12-01 19:19:13+00:00,,"I don't want to enter credit card details into my daughters new IPhone. It's none of your business, how do I get around it?",We'd like to go over a few pieces of information about that. Let's move over to DM. Join us here: <url>,0,False,account_store_repair,False,none,Apple ID payment method; public answer: choose None,False,False,False,False
g036,2974462,2974465,2017-11-30 02:35:24+00:00,"customer: why can’t one access photos that are in the cloud? What’s the point of having photos on your phone then or paying for iCloud?
brand: We want you to be able to access your photos. What exactly are you seeing happen?",so they’re pretty much not functional,Thanks for letting us know. Check out this helpful article about iCloud Photo Sharing for more info on how to share your photos: <url>,2,True,data_loss_sync,False,none,,False,False,False,False
g037,556049,556047,2017-12-02 20:13:27+00:00,,Hi. please help <url>,Let's get you to the best place for help with your Photos. Please reach out to our phone team here: <url>,0,False,general_complaint,False,none,"no symptom in text, image only",False,True,False,True
g038,598108,598106,2017-12-03 19:35:37+00:00,,"Dear why is it when a new IOS update comes out after new phone released, battery life NEVER stays the same. Dies faster. I have 95% on low power mode and now 89% from twitting this","We'd love to help. Can you DM us your complete software version from Settings > General > About, next to version? <url>",0,False,battery_power,False,none,,False,False,False,False
g039,590946,590948,2017-12-03 17:22:54+00:00,"customer: why does my camera keep resetting to flash on auto, HDR on, and Live on every time I close and then open my camera app?
brand: We're happy to help To start, what version of iOS are you running? Find that in Settings > General > About.",<url>,We'd recommend first backing up - <url> Then updating to our latest version which is 11.2 by going to Settings > General > Software Update. Once you have updated please let us know if the issue persists and we'll go from there.,2,False,apps_services,False,none,image-only reply in Camera settings thread,False,False,False,True
g040,455048,455046,2017-11-30 23:17:55+00:00,,"There is a glitch in the Mail app in the new #iOS 11.1.2, every time I get an email notification and press either delete or mark as read. It Still keeps it unread in the app. 🤯🤯🤯 #apple",We'd be happy to take a look at what's causing your Mail to not get flagged as read. Which device are you seeing this on?,0,False,apps_services,False,none,,False,False,False,False
g041,558388,558389,2017-12-02 22:42:05+00:00,"customer: I’m so glad my phone shuts off every 30 seconds!!! Wtf is this <url>
brand: We'd love to help you with this. Follow these steps to stop your iPhone from restarting, then back up your iPhone and update to iOS 11.2: <url> Let us know how it goes!
customer: I’ve tried to restart, it just says an error has occurred since my phone keeps shutting off
brand: Were you able to work on turning off notifications for each app as the previous link helps walk through? This will help stop the restarts so that you may update.","Okay, that let me update my phone! So we’ll see if it helps with the random shutting off/loading screen.","Great! Keep us informed, and let us know if you have any additional concerns in the future we can assist with.",4,False,performance_crash,False,none,"progress update, not a closure",False,False,False,False
g042,599143,599142,2017-12-03 19:47:11+00:00,,"iOS 11.2 supposedly adds Apple Pay to iMessage, can not seem to figure out how to enable it for the life of me. Halp! #iOS112 #ApplePay #iMessage","If you're in the US, those features will require iOS 11.2 and will begin rolling out early next week.",0,False,apps_services,False,none,Apple Pay in iMessage how-to,False,False,False,False
g043,483187,483186,2017-12-01 07:57:48+00:00,,"Remember when on iPhones every time you pressed “I” it brought up some weird characters? Now it’s happening when you spell “it”. Wtf is wrong with y’all, ?","We'd like to learn more about what's going on so we can assist. When you have a moment, please send us a DM and we'll continue there: <url>",0,False,keyboard_text_bug,False,none,,False,False,False,False
g044,566808,566806,2017-12-03 01:14:06+00:00,,"apple store is contimuosly saying ""the Payment has been rejected. Confirm Payment information. We have done so and it is still saying the same thing. Help.",We certainly would like to get this looked at. Please contact our iTunes Store team here: <url> They will be the best resource for this issue.,0,True,account_store_repair,True,private_info,payment rejected,False,False,False,False
g045,2894776,2894775,2017-11-28 15:19:56+00:00,,"PLEASE let users roll back to IOS10, my 5S battery now goes from 100% to 40% within a few hours (with minimal usage&no background traffic) & then switches itself off asking to be recharged at 40%! I've had to buy a portable power pack, sick of it as are many others!","We'd like to help with your battery life. Migrating your device to a previous iOS can do it harm. We definitely do not recommend doing this. Please send us a DM, and we'll look into your battery together. <url>",0,False,battery_power,False,none,,False,False,False,False
g046,589533,589532,2017-12-03 15:15:17+00:00,,">> Looking to buy a macbook air as a student >> unfortunately your toll free is been busy for 20 mins now suggest a best way to know few details >> pricing, student discount and more Nearest Store >> Orion Mall Rajajinagar Bangalore",Thanks for reaching out. Our sales team is best equipped to help you with this. To contact them please follow this link: <url>,0,False,other,False,none,sales/pricing question,False,False,False,False
g047,2918893,2918895,2017-11-29 00:48:57+00:00,"brand: It's official: we're now on YouTube. Subscribe and get helpful tips, tricks, and how-tos – straight from Apple. <url> <url>
customer: Can Apple stream movies and music on my phone and or apple watch like i do similar to Netflix and or Hulu
brand: Great question! You can stream any of your purchased songs and videos as long as you have a good internet connection. You can also download any purchased media for offline use with these steps: <url>",Thank you,No problem and just reach out again if you need more help. Have a good one!,3,False,other,False,none,thanks,False,False,False,False
g048,559077,559076,2017-12-02 21:42:46+00:00,,hey can you check the dm i sent!,"We've checked, and we're not seeing any DMs from today. Please use the link below and tell us what's happening. We'll be happy to see how we can help. <url>",0,True,other,True,repeat_contact,"meta request about DM, no symptom",False,True,False,False
g049,81830,81829,2017-11-30 05:11:18+00:00,,"what's wrong with you guys, I ordered 7 plus gold, and got 7 jet black. How can you beso irresponsible.",We can help out. Was this purchased through the Apple Online Store?,0,False,account_store_repair,True,private_info,wrong order delivered,False,False,False,False
g050,553491,553489,2017-12-02 16:41:55+00:00,"customer: Apple Pay Cash is here! <url>
customer: I have updated multiple devices to 11.2 and I have no option for Pay Cash on any of them.",Same. Frustrating.,"For customers in the US who are excited about Apple Pay Person to Person Payments and Apple Pay Cash, those features require iOS 11.2 and will begin rolling out early next week.",2,False,apps_services,False,none,Apple Pay Cash not available yet,False,False,False,False
g051,560391,560390,2017-12-02 22:34:54+00:00,"customer: Still convinced new updates are killing my previously great iPhone battery... Drains super fast & charged from 66% to 84% in 1.5hrs...on low battery mode, no apps running. <url>",<url>,We're happy to continue working on this with you. Let us know in DM if you've had a chance to update to iOS 11.2. <url>,1,True,battery_power,False,none,image-only reply in battery thread,False,False,False,True
g052,2962922,2962921,2017-11-29 21:01:20+00:00,,"how do I get podcast app to stop automatically downloading every available episode. Streaming is good, I keep running out of storage because of podcast always downloading. Help!","We are glad to help you. To manage your Podcast subscription, take a look at our iOS 11 User Guide: <url>",0,False,apps_services,False,none,Podcasts auto-download setting; storage is consequence,False,False,False,False
g053,2965390,2965389,2017-11-29 22:16:48+00:00,"customer: my imessage is not syncing with my mac. It was working fine until today. Have updated both my iphone and macbook to the latest iOS
customer: Hey there, I had a similar problem also. There was something funky with Apple's push servers. Can you change your DNS to 8.8.8.8 (google) and see if that makes a difference? (see attached tweet) - just to test <url>",Thanks will give it a shot!,"Next, are your Preferences and Settings set up as shown here? <url>",2,False,other,False,none,acknowledgement/closure of peer suggestion,False,False,False,False
g054,484454,484453,2017-12-01 10:03:46+00:00,,"Updated the IOS on my iphone 5S and, just as others warned, it seems to have halved the battery life. Bad bad #notmynextphone",We are here to help. DM us your exact iOS version and we can take a look at this. <url>,0,False,battery_power,False,none,,False,False,False,False
g055,590889,590888,2017-12-03 15:55:35+00:00,,. Since iOS 11 I can literally watch my battery percentage drop while looking at the screen. No apps open. No battery problems with iOS 10. Apple please fix. In 30 min percentage dropped from 92% to 52%.,Thank you for reaching out to us about this. Your battery life is important to us. We'd like to look deeper into what could be going on with your battery. DM us the exact iOS you are using to get started. <url>,0,False,battery_power,False,none,,False,False,False,False
g056,2942169,2942167,2017-11-29 05:43:59+00:00,,Why isn't my iPad Air updating?,That’s a good question. Let’s dig a little deeper to see what we can find out. What happens when you try to update? Do you get an error? Are you updating over Wi-Fi or through iTunes on a computer?,0,True,apps_services,False,none,"iOS update failing; no update bucket, same as g015",True,False,False,False
g057,1442565,1442564,2017-12-02 03:11:50+00:00,,hey could you guys add an app for the Apple Watch that when you lose your phone it acts like sonar and it beeps the closer you get to it? My wife constantly loses her phone and I’m sure Shes not the only one who has this problem,"We actually have several methods that she can use to locate her iPhone. Check out the following article: <url> If you have any questions or concerns, send us a Direct Message. We'll pick it up from there. <url>",0,False,other,False,none,feature suggestion,False,False,False,False
g058,2871723,2871722,2017-11-28 02:43:27+00:00,,every month I keep getting the same alert about billing and normally it’s because I over pay but this month I didn’t buy anything from any game and I still got it FIX IT I literally can’t download anything not even updates,Our iTunes Store support can help. Reach out to them here: <url>,0,False,account_store_repair,True,private_info,billing alert blocks downloads,False,False,False,False
g059,446457,446460,2017-11-30 21:51:36+00:00,"customer: new authentication process does not work. The code you send via text is not recognised by the new OS security update...so...?
brand: We'd like to help. Could you explain exactly what you are trying to do?","On the fourth attempt, the authentication codes matched up. Problem resolved.",We're glad to hear that it's working for you. Let us know if you have any other questions we can help with. We're here for you.,2,False,other,False,none,resolved closure,False,False,False,False
g060,480562,480561,2017-12-01 04:38:53+00:00,,bought iPads for the kids for Christmas (6&9). Would like to learn about security/parental controls to put on. Appointment at local Genius Bar the best way?,Hi there! We certainly understand wanting to set up parental controls on your kids' iPads. Check out the following article regarding parental controls and let us know if you have any questions: <url>,0,False,other,False,none,how-to on parental controls; Genius Bar only a proposed avenue,False,False,False,False
g061,565032,565031,2017-12-03 00:22:56+00:00,,y’all ever gonna fix the i?,"Thanks for contacting us, this issue was resolved with the newest software update. Please visit: <url>",0,False,keyboard_text_bug,False,none,,False,False,False,False
g062,508256,508255,2017-12-01 21:30:02+00:00,,I can’t believe lied to me smh,We'd like to look into the experience you've had. Could you join us in DM with more info on what's happening? <url>,0,False,general_complaint,False,none,'lied to me' vague but not abusive; clarify,False,True,False,False
g063,2943377,2943376,2017-11-29 07:22:29+00:00,,Morning what does this continuous pop-up mean please? I’m on the latest IOS. Thanks - Tommie. <url>,"Good morning to you as well, and thank you. It looks like an ad pop-up, certainly not Apple affiliated. Check out this article to get rid of it, and prevent these in the future: <url>",0,False,general_complaint,False,none,Safari ad pop-up,False,True,False,True
g064,2873390,2873389,2017-11-28 03:44:10+00:00,,I restored my new iPhone X and my photos and videos didn’t transfer over any reason why? Also my speaker is making a weird ticking noise not sure why maybe because I have the plastic still on?,We'll be happy to help. Are your photos on iCloud Photo Library? We would suggest removing the plastic. DM us and we'll continue there. <url>,0,False,data_loss_sync,False,none,first symptom photos missing after restore; speaker tick second,False,False,True,False
g065,146705,146706,2017-11-29 01:17:11+00:00,"brand: Thanks for reaching out an including the photo for us! We can definitely look into this further with you. Let us know if this helps: <url>
customer: It's still not working any site social media related crashes talking a ""secure connection to the server""
customer: App or website. Even when I used Google chrome. It's the phone
brand: Does this happen when using both Wi-Fi and cellular data?",Yes today when I went to Apple for help everything worked once connected to the Apple store WiFi and as soon as I left it started acting stupid again,Let's take a deeper look into this to determine the issue. Send us a DM with your iPhone model and iOS version from Settings > General > About. <url>,4,True,connectivity,True,repeat_contact,"2 brand turns, Apple Store visit already, no progress",False,False,False,False
g066,554868,554867,2017-12-02 16:59:21+00:00,,mi teléfono se está reiniciando muy frecuentemente 😔 que sucede ?,We offer support via Twitter in English. Get help in Spanish here: <url> or join <url>,0,False,non_english,False,none,,False,False,False,False
g067,505140,505139,2017-12-01 20:05:09+00:00,,Every iPhone update makes my phone that much slower ... Stop it,Let's look in to this together. Please tell us a bit more about what's going on. Do you notice issues with any particular apps?,0,True,performance_crash,False,none,,False,False,False,False
g068,2968980,2968979,2017-11-29 23:41:14+00:00,,WHY DOES MY PHONE DIE ON 25%,"Let us help you with your battery performance. When did this start? Also, which version of iOS are you on? Find it here: Settings > General > About.",0,False,battery_power,False,none,,False,False,False,False
g069,2975674,2975673,2017-11-30 02:46:27+00:00,,After your emergency patch today I can no longer connect to network shares using my credentials. What broke?,Please send us a Direct Message and provide us more details. From there we'll see what we can do to help. <url>,0,False,connectivity,False,none,network shares after root patch; public fix exists,False,False,False,False
g070,593584,593582,2017-12-03 16:52:26+00:00,,Mn mobiel heeft net letterlijk 13 minuten Apple logo uit grijs scherm gegeven word er langzamerhand een beetje heel erg gek van. Heb de nieuwe update ook al.. dit is al de 30e x vandaag ofz. Vanochtend 12x in 1 uur.. <url>,We offer support via Twitter in English. Contact us for help in your preferred language here: <url>,0,False,non_english,False,none,Dutch,False,False,False,True
g071,2890683,2890681,2017-11-28 11:34:09+00:00,,"hey there, what do I️ need to do to fix the question mark in a box and exclamation point that pops up when I️ use the “I️” word?? #QTA",A recent update should resolve this issue for you. Be sure to back up and then update: <url> Still having issues? Send us a DM. <url>,0,False,keyboard_text_bug,False,none,,False,False,False,False
g072,561769,561768,2017-12-02 22:53:23+00:00,,My lightening cable just started to smoke,We're here to help. We'd also like to gather some additional details from you. Please meet us in DM.,0,False,hardware_damage,True,safety,cable smoking,False,False,False,False
g073,97053,97052,2017-11-30 15:43:11+00:00,customer: the new iOS update is fucking with my battery,fix this,"Battery life, and usability is very important. We want to ensure we do all we can to get this working for you. In order to find you the information you need, we need some details from you. Please click here, to meet us in DM: <url>",1,False,battery_power,False,none,in light of context,False,False,False,False
g074,548190,548188,2017-12-02 11:14:13+00:00,,After the latest iOS update in my mac and Iphone 7 It seems that my mac and iphone both are facing speed issues they are getting hanged and being lagged.,"We'd like to help with your issues. Let's start with your iPhone. Have you had a chance to update to iOS 11.2? If not, let's follow the steps here to back up and update: <url> Let us know if this helps and we'll go from there.",0,False,performance_crash,False,none,,False,False,False,False
g075,447447,447446,2017-11-30 19:40:55+00:00,,1st world problem time Anyone help with transfer data from 2011 MacBook Pro (with USB2 Firewire Thunderbolt 1 and Ethernet ports) to new MacBook Pro?,Thanks for reaching out. Please check out the following article for information about that: <url>,0,False,data_loss_sync,False,none,Mac-to-Mac migration how-to; closest bucket,False,False,False,False
g076,584824,584823,2017-12-03 07:47:11+00:00,,Can I use my wired printer having USB on my MacBook pro which has has c type?..Pls suggest if USB hub and c-type to USB female will work for it?,"The configuration you've described will work just fine, however if you'd like to avoid using a hub, you could also opt to purchase a USB-B to USB-C cable instead to connect your printer directly to your MacBook Pro.",0,False,other,False,none,product/accessory question,False,False,False,False
g077,2940347,2940345,2017-11-29 05:22:09+00:00,,My iPhone X is rather warm and glitchy,We are here to help whenever possible. Let us know the specific issue you are seeing with your iPhone to get started.,0,False,battery_power,False,none,first concrete symptom 'warm' (overheating); glitchy vague,False,False,True,False
g078,587019,587017,2017-12-03 11:47:48+00:00,,"I am not able to click on any form of back up on iTunes, the box is greyed out...","We'd love to help you with making a backup. So that we're sure to be on the right path, please tell us which device you're trying to back up, and which iOS version is installed on it currently. Also, is this device connected via Wi-Fi, or via USB?",0,False,data_loss_sync,False,none,iTunes backup greyed out,False,False,False,False
g079,542426,542425,2017-12-02 07:13:03+00:00,,Why are devices crashing on iOS 11.1.2!,"If you're having this issue on your iPhone, check out: <url> DM us if you have any questions. <url>",0,False,performance_crash,False,none,,False,False,False,False
g080,2952369,2952367,2017-11-29 17:59:22+00:00,,help my imessage keeps saying “not delivered”,"We're happy to help. A few questions for us to get started: Are you sending from an iOS device, a Mac, or both? Also, is it all messages or just ones with attachments? Thanks!",0,False,apps_services,False,none,,False,False,False,False
g081,2766105,2766104,2017-12-02 08:44:59+00:00,,Can fix the mf I️ !,"We've got a solution for that issue with your iPhone. Backup using these steps: <url> then update your iPhone to iOS 11.2, and let us know in DM if that happens after the update. <url>",0,False,keyboard_text_bug,False,none,,False,False,False,False
g082,588190,588189,2017-12-03 13:01:35+00:00,,امرضتونا بتحديثاتكم لاعاد تحدثون <url>,We offer support via Twitter in English. Contact us for help in your preferred language here: <url>,0,False,non_english,False,none,Arabic,False,False,False,True
g083,559781,559783,2017-12-02 22:10:15+00:00,"customer: is there a trick to deleting apps now? whenever I press and hold I only get an option to share it 🤔
brand: We can help with this. It sounds like you're encountering 3D Touch. You'll want to do a lighter tap and hold to delete the apps from the Home screen in this fashion. You can also adjust 3D Touch's sensitivity from Settings > General > Accessibility > 3D Touch, if needed.",Thank you!,You're quite welcome. We're always glad to help. Take care.,2,True,other,False,none,thanks,False,False,False,False
g084,553661,553659,2017-12-02 15:56:18+00:00,,Dear your iOS update 11.2 broke my visual voicemail. <url>,"Thanks for reaching out. Since the update have you completed a normal restart of your iPhone? If not, do so now and let us know the results. We want to ensure your visual voicemail is working again.",0,False,apps_services,False,none,visual voicemail,False,False,False,True
g085,2948394,2948392,2017-11-29 15:00:02+00:00,,why is my iPhone X doing this when flicking through contacts? <url>,We’re happy to look into this further with you. Let us know if the issue persists after you restart your iPhone following these steps: <url>,0,False,general_complaint,False,none,video-only glitch in Contacts; assume display/lag glitch,False,True,False,True
g086,557894,557892,2017-12-02 20:17:03+00:00,"customer: Dear I’m tired of not being able to use my music app after this stupid update 🤷🏼‍♀️
brand: We want to help. What happens when you attempt to use the Music app? What iOS version is currently installed on your device?","Latest update but, when I open up my music app i can’t press anything and it won’t play anything.","The app opens, but none of the controls respond whatsoever? Is that correct?",2,False,apps_services,False,none,,False,False,False,False
g087,549635,549634,2017-12-02 12:27:52+00:00,,my beats are having weird audio issues,Let’s get you pointed in the right direction. Our team will take it from here.,0,True,connectivity,False,none,"Beats audio issue, no damage stated; clarify (could be Bluetooth)",False,False,False,False
g088,523869,523868,2017-12-02 03:33:21+00:00,,why ios 11.1.2 often self rebooting? It back to passcode again,We want you to have an iPhone that works. Send us a DM and we'll tackle this issue together. <url>,0,False,performance_crash,False,none,,False,False,False,False
g089,596854,596856,2017-12-03 19:36:27+00:00,"customer: This phone is dope but it’s too fucking buggy I’m sick of it
customer: 
brand: That's not the type of experience that we want you to go through. What issue(s) are you experiencing with your device?","My Face ID is trash it won’t unlock sometimes, it freezes, the sensitivity touch thingy is really hard to press it’s stupid buggy",Which iOS version is your device currently running? We want to make sure that you're running the latest version. You can check this through Settings > General > About.,3,False,performance_crash,False,none,Face ID misses + freezes + touch; treated as general device bugginess,False,False,True,False
g090,2910470,2910469,2017-11-28 21:13:42+00:00,,"hey, i’m having an issue with my emojis",We’re here to help. Can you tell us what is happening?,0,False,keyboard_text_bug,False,none,emoji issue,False,True,False,False
g091,509541,509540,2017-12-01 22:00:07+00:00,,"Apareció esto en mi Mac y no puede arrancar, se reinicia. ¿Alguien sabe que es? 🤔😢 <url>",We offer support via Twitter in English. Get help in Spanish here: <url> or join <url>,0,False,non_english,False,none,,False,False,False,True
g092,563965,563964,2017-12-03 00:05:16+00:00,,my iPad Pro touch screen stopped working not had it 12 months but no receipt - I'm screwed aren't I,We know how important your iPad can be. Shoot us a DM of what country or region you're in and let's take a further look. <url>,0,False,hardware_damage,True,hardware,warranty decision without receipt,False,False,False,False
g093,566801,566800,2017-12-02 15:53:43+00:00,,Why are there pics in my phone that i can’t even use this is retarded,Let's look into this together. What issue are you experiencing when accessing photos? Are these photos that were taken with your iPhone?,0,False,data_loss_sync,False,none,photos inaccessible; slur present but has symptom,False,False,False,False
g094,595788,595787,2017-12-03 18:10:27+00:00,,"Hi there, since I 've update my Mac pro late 2013 (GPU AMD FirePro D300 ) to OS El Capitan I 'm experimenting sporadicly freezes of the computer that force me to turn it off by pressing the power button :( Do you have any solution to this annoying issue ? Thanks","We're happy to help with this. Can you tell us the exact version of macOS you're using? You can find that by going to the  Apple menu in the upper left corner of your screen and clicking ""About this Mac"".",0,False,performance_crash,False,none,,False,False,False,False
g095,589461,589463,2017-12-03 16:55:36+00:00,"customer: can you update something so my phone doesn’t keep shutting off every 15 seconds please?!
brand: We’ll do everything we can to help you sort this out as quickly as possible. This article goes over how to resolve the problem with your iPhone restarting on its own: <url>",Thank you!!,You're welcome. Reach out to us again if you need help with anything else. We're here for you.,2,True,other,False,none,thanks,False,False,False,False
g096,2964186,2964188,2017-11-29 22:26:50+00:00,"customer: Since upgrading to iOS 11.1.2 my phone app won’t work? Tried resets and nothing. Any other ideas? Having to use Siri to make calls and get VM.
brand: We'll be happy to assist with this. When you try to use the Phone app, does it simply exit directly to the home screen?","No, it just opens to a blank screen. The icon still tells me I have VM or missed calls. <url>","Have you forced the Phone app to closed, restarted your iPhone, and tried to open it again? Let's start off by doing that: <url>",2,True,apps_services,True,repeat_contact,Phone app blank; 'tried resets' stated in thread,False,False,False,True
g097,2911751,2911750,2017-11-28 21:28:11+00:00,,Hey iOS 11 Conference call has a #bug. When calls are merged it's not possible to isolate calls. Hanging up on one call disconnects everyone. Even if someone hangs up disconnects everyone.,Send us a DM and let us know more details. Be sure you have updated to iOS 11.1.2: <url> <url>,0,False,apps_services,False,none,conference call merge bug,False,False,False,False
g098,513641,513637,2017-12-01 23:16:32+00:00,,upgraded to iOS 11.1.2 on my iPhone 6. Phone closes apps and goes to lock screen every few minutes. Unusable! Help!,"Let's take a closer look at your iPhone's apps to get them running smoothly. Which ones is this happening with specifically, or does it occur with all apps? Have you tried any steps so far, like checking for app updates or a restart, as two examples?",0,False,performance_crash,False,none,,False,False,False,False
g099,2905228,2905227,2017-11-28 19:11:39+00:00,"customer: throwaway 02 sweatshirt 1of1 $60 i have a car payment due today so whoever buys it will be receiving some unreleased music as well hmu <url>
customer: oh ya size medium and the sweatshirt is red SRY I️ FUCKING SUCK AT BEING AN ARTIST",AGAIN W THE FUCKING “I” SHIT FIX THIS SHIT OR I WILL FUCKING KILL MYSELF I SWEAR TO KIRA,There is a new iOS update available that includes a fix for autocorrect issues in the update. It’s iOS 11.1.2. You’ll want to back up your device before any update. How to back up: <url>,2,False,keyboard_text_bug,True,safety,"self-harm statement, even if hyperbolic; human must handle",False,False,False,False
g100,2955430,2955429,2017-11-29 18:37:30+00:00,,Que se passe-t-il avec #Apple music ?? Impossible de se connecter. Écran blanc.. <url>,We offer support via Twitter in English. Contact us for help in your preferred language here: <url>,0,False,non_english,False,none,French,False,False,False,True
g101,568411,568410,2017-12-03 02:11:35+00:00,,"You'd think that —a company with virtually unlimited resources—could get services right. Other, much smaller, teams can do it. #WTAF #AppleFail #ApplePhotos … <url>",Can you see your iCloud photos on any other device? We would love to get this resolved for you.,0,False,general_complaint,False,none,"sarcastic rant, no concrete symptom",False,True,False,True
g102,520248,520249,2017-12-02 02:54:46+00:00,"customer: What to do when iPhone starts showing black screen with spinning wheel, then locks down? Force restart didn’t worked
customer: I have the same problem now😡
brand: We'd love to see what we can do to help out. Which iPhone model do you have? Also, which version of iOS are you running? Let us know the details in a DM and we'll work together on this: <url>",iphone 7 with the latest IOS. now ive switched the time settings and the phone seems to work fine. but when i switch the time back it keeps showing that spinning wheel and locks my phone.,"We're glad that you found a work around for the issue at hand. To look into further possible solutions, we'll need to gather some additional information. Please provide us with: -Your name -Serial number of your iPhone -Your country with postal code",3,False,performance_crash,False,none,force restart failed per thread; workaround found; 1 brand turn,False,False,False,False
g103,585859,585858,2017-12-03 10:47:37+00:00,,Something is wrong with my phone. I’m on my old phone but my new phone (the X) keep restarting like wtf,"We definitely want you to be able to use your iPhone X, so we're glad to help. Please take a look at this article, which details steps to take if your iPhone is restarting: <url>",0,False,performance_crash,False,none,,False,False,False,False
g104,581943,581945,2017-12-03 17:03:08+00:00,"customer: …my phone screen is doing some outlandish stuff rn… Any word on issues with the backlights going out?
brand: Thank you for reaching out for support with your iPhone, we're happy to help. To help us better understand the issue, do you mind describing what you're experiencing? Also, which iPhone model and iOS version are installed currently?",I have iOS 11.1.2 The screen works but there are the vertical and horizontal lines across my screen that make it difficult to see. Near the top of the screen some of the LCDs even appear to be dark/blown out. It just happened last night.,"So that we can take a deeper look, can you DM us what model iPhone we're working with? <url>",2,False,hardware_damage,True,hardware,lines + blown-out LCD pixels = physical display fault,False,False,False,False
g105,584695,584694,2017-12-03 09:04:46+00:00,customer: Installed iOS 11.2 update and now battery is dropping 1% every minute or so. I am over this nonsense .,Same here! Found a solution yet?,"That's not the experience we want for anyone after updating. Let's take a look at your battery together in DM. Let us know the model of iPhone you're running, too! <url>",1,False,battery_power,False,none,'same here' in battery thread,False,False,False,False
g106,484565,484564,2017-12-01 08:53:38+00:00,,visual bug in Mail <url>,"Thanks for the screen recording showing this issue with Mail. Can you tell us when this first appeared? Which version of iOS was installed? Have you tried any steps, such as restarting your device, to correct this issue?",0,True,apps_services,False,none,,False,False,False,True
g107,2903688,2903686,2017-11-28 18:59:16+00:00,,What’s going on with my clock <url>,Let's find out what's going on. Has the device been restarted since the app started showing the incorrect time in the dock?,0,True,apps_services,False,none,Clock app/icon,False,False,False,True
g108,2940352,2940356,2017-11-29 19:38:24+00:00,"customer: Home app only works on 1 device at a time. What kind of garbage is this?
brand: Thanks for reaching out. Can you tell us a bit more about what's happening? You can learn more about the Home app and how it works here: <url>","Both have Keychain and Home turned on in iCloud settings. Tried turning off/on, rebooting. No change.",Thanks for that info. We'd recommend going ahead and backing up your devices and then updating to the latest version of iOS which is iOS 11.1.2. Then test out that issue and let us know if it persists. This can help: <url>,2,False,apps_services,True,repeat_contact,rebooted / toggled already,False,False,False,False
g109,554788,554787,2017-12-02 18:17:12+00:00,,"we have an iPhone 6s and iPhone 7 that are turning off as though no battery then turning back on after a few minutes, help?","Thanks for reaching out, we'd like to help. Is this issue occurring on iOS 11.1.2? If so, we recommend the steps for updating here: <url> DM us if you have any questions and keep us posted on the results. <url>",0,False,battery_power,False,none,shutdown 'as though no battery' then back on; could be reboot bug,False,False,False,False
g110,452593,452592,2017-11-30 22:13:33+00:00,,"Hey , why do texts just keep getting deleted from my conversations and all my apps just keep closing on me? Let me know, thanks 🙃",Losing messages from friends and family is not OK. Let's get to the bottom of the issue. Which iOS version is currently installed? You can find that in Settings > General > About. Please DM us at the link below. <url>,0,False,data_loss_sync,False,none,first symptom texts deleted,False,False,True,False
g111,2947008,2947007,2017-11-29 14:54:58+00:00,,"what gives? iCloud not working or down and I can’t access 8000 of my photos or 10,000 of my songs! Yes, I reset and logged out and in.","We want to help you access your iCloud info. It sounds like you can log in but aren't seeing your photos or music. DM us if you use iCloud Photo Library and iCloud Music Library. Also, include the device and OS you're having this issue on. We'll help there. <url>",0,False,data_loss_sync,True,repeat_contact,reset and logged out/in already,False,False,False,False
g112,2947043,2947042,2017-11-29 14:38:59+00:00,,So why is this happening? <url>,That is interesting. Thanks for reaching out. Are you able to tell us if any of your friends are experiencing the same issue with this album? Let us know in DM. <url>,0,False,general_complaint,False,none,"no symptom in text, image only",False,True,False,True
g113,493600,493599,2017-12-01 16:32:46+00:00,,Proofreading <url>,"Hello Eric, we'd be happy to look into this with you. DM us and we'll get started there. <url>",0,False,other,False,none,single word + image; no symptom,False,True,False,True
g114,2873368,2873367,2017-11-28 03:57:57+00:00,,"My alarms are not working. Screens are appearing when they go off, but no sound. Phone keeps freezing, home and power buttons stop working, apps don’t open and freeze. When’s the next update to fix this? My alarms are my biggest concern as they are important!",We'd like to help. Send us a DM and we can start there. <url>,0,False,apps_services,False,none,first symptom alarms silent (Clock); freezing second,False,False,True,False
g115,2899026,2899024,2017-11-28 17:17:08+00:00,,"Hey my 5S is on drugs since I update to the 11, is there any suggestions to rehab it? This issue appears randomly when I use the camera... <url>","We'd love to look into this further with you. Is this only happening with the Camera app? Does it appear this way when in other modes, such as Video?",0,False,apps_services,False,none,camera glitch with image,False,False,False,True
g116,539990,539988,2017-12-02 05:05:50+00:00,,Setting up new phone. Tons of these messages. Wtf? halp <url>,Hi there. This isn't what we'd expect when setting up a new iPhone and we'd like to help. Have you used another Apple ID or changed iTunes Store countries previously? Which iOS version is installed?,0,False,general_complaint,False,none,"setup messages, image only; clarify",False,True,False,True
g117,1184432,1184431,2017-12-02 22:42:13+00:00,,iphone 6s restarting after every 2 minutes & not asking passcode. Finger print scanner is working after every restart. Isnt this security breach?. Pls look into this urgently,"We’d love to help. See our guide here: <url> Let’s have you create a backup, disable notifications, and update the software to iOS 11.2. You could then enable notifications after updating. Send us a DM if we can help further. <url>",0,False,performance_crash,False,none,,False,False,True,False
g118,2913303,2913301,2017-11-28 22:22:23+00:00,,Hey WHO is the responsible about your shit quality control? Our beloved osx is a buggy shitty unstable unusable crap now.,We'd like to know what specifically is happening. Send us a DM and we'll work together with your Mac. <url>,0,False,general_complaint,True,vague_hostile,"abusive, no actionable symptom",False,True,False,False
g119,600437,600436,2017-12-03 20:33:55+00:00,,Is the 9.7 iPad Pro no longer available?,Thanks for reaching out. Here's what we have available for the iPad Pro: <url>,0,False,other,False,none,product availability,False,False,False,False
g120,2892020,2892022,2017-11-28 15:22:12+00:00,"customer: Yesterday I opened iTunes and all my music and playlists were gone. Not sure why. How can I restore?
brand: We's love to look into this with you. Which device did this happen on and was it through iTunes only or Apple Music?",iTunes Library and Playlists,"Which device were you using? Also, have you changed your Apple ID or password recently?",2,False,data_loss_sync,False,none,,False,False,False,False
g121,94819,94820,2017-11-30 16:36:12+00:00,"customer: Buggiest app on my #iPhone SE: ""Phone."" VMs constantly crash it, making the touchscreen nonresponsive and requiring a restart.
brand: Being able to catch up on those missed calls is an important feature and we'd like you to have access without your iPhone becoming unresponsive. Which iOS version are we working with? You'll find that in Settings > General > About.
customer: 11.1.2 (15B202). Happens inconsistently when I listen to a VM without finishing playback.
brand: When did this start happening? Did you notice it start after an update or anything in particular?","Can’t recall exactly. At least 3x before today. Today was the first time closing the app didn’t solve the problem. I closed, but when I reopened, screen went white then crashed to home screen. Had to restart the phone.","Alright, DM us your country to look into more options.",4,False,apps_services,True,repeat_contact,"Phone app crashes; 2 brand turns, restarts tried",False,False,False,False
g122,592299,592298,2017-12-03 16:29:17+00:00,,"is at it again - since updating my phone, my battery keeps dying. Fix this now!!",This is not the experience we want you to have. Send us a DM and let us know which country you are located in. <url>,0,False,battery_power,False,none,,False,False,False,False
g123,537626,537625,2017-12-02 04:13:35+00:00,,I'm having issues where my iPhone randomly shuts down and exits all applications after only 30 seconds of use... It's not turning off but it's having the same effect. Unsure of what's going on #sos,We're happy to help. Which iOS version are you using on your iPhone?,0,False,performance_crash,False,none,respring-like,False,False,False,False
g124,542478,542477,2017-12-02 07:17:58+00:00,,New iPhone X starts randomly resetting itself... great job,"We want to help. If your new iPhone X with iOS 11 unexpectedly restarts, this article will walk you through a solution: <url> Let us know if you have any other questions. We're here for you.",0,False,performance_crash,False,none,,False,False,False,False
g125,554882,554884,2017-12-02 21:09:09+00:00,"customer: why does my phone keep freezing when I switch between apps? Everything was fine and then I downloaded the update, oh and fix this “I.T” too. Fucking fix “I.T“ #StillOnIphone7Hype
brand: Thanks for reaching out. Could you tell us what kind of iPhone are you using and what is the exact iOS version you're running? Tap Settings > General > About and let us know.",iPhone 7+ software: 11.2,"Let's start with the auto-correct issue. Try resetting your Keyboard dictionary. Settings > General > Reset > Reset Keyboard. Then, once the reset is done, restart your iPhone. Let us know if this resolves the issue.",2,False,keyboard_text_bug,False,none,I-bug mentioned in thread wins over freezing,False,False,False,False
g126,2946999,2946997,2017-11-29 15:17:29+00:00,,Yo you need to get your shit together this is like the 3rd time youve deleted my fucking library with an update YOU AND I BOTH KNOW THAT CAM’RON KILLA SEASON WAS NOT THE LAST ALBUM I DOWNLOADED. WE SWITCHING TO SPOTIFY.,"We'd like to look into this with you. To make sure we understand, since updating you've lost some downloaded music through Apple Music, is that correct?",0,False,data_loss_sync,False,none,library deleted by update; abusive but symptomatic,False,False,False,False
g127,2894695,2894694,2017-11-28 16:09:01+00:00,,how do I get my iPhone seven repaired or replaces its under warranty and its not been working how do I get in touch with you,We'd be happy to look in to your options with you. Please DM us a bit more about what's happening with your iPhone 7. <url>,0,False,account_store_repair,True,hardware,warranty repair/replace,False,False,False,False
g128,582701,582700,2017-12-03 05:48:29+00:00,"customer: ""No matter where you go, there you are."" Except I'm not. My iPhone GPS is all askew. And I'm somewhere I'm not. Reason enuf to get the X.",My Iphone 7 plus positions me 200ft behind so I miss every turn - just sucks. Wish would fix.,We want to make sure you get the help you need with this. Let's have you reach out to our support teams via the following link. They'll be best equipped to assist you from here: <url>,1,True,connectivity,False,none,"GPS offset; no location bucket, closest is connectivity",True,False,False,False
g129,588167,588166,2017-12-03 12:54:12+00:00,,We’ll talk after a few months... 😁,"Hey there, please DM us and we'll further review this for you. <url>",0,False,other,False,none,off-topic,False,False,False,False
g130,460875,460874,2017-12-01 01:44:09+00:00,,WTF is this?? None of my messages are in my inbox anymore <url>,"Hello. We can see how alarming missing information can be. No worries, we'll take a look. What task were you doing on the device just before this occurred? Send us a DM. <url>",0,False,data_loss_sync,False,none,,False,False,False,True
g131,588062,588064,2017-12-03 16:08:33+00:00,"customer: hi I want to change simcard on my iPhone SE (ios 11) but it said that the simcard not valid, then I tried to put back the simcard that I usually use but the simcard not valid showed again. what to do? I cant use my phone rite now :(
brand: Hello and thanks for reaching out. Let's see what we can do to get this resolved. When you changed the sim card, did you follow these steps: <url>","yes of course, I try to place it right for many times but it still didn't work",Got it. Thanks for confirming that. Do you have another device that you could try to insert the SIM card in? This will help us isolate the issue further.,2,False,connectivity,True,repeat_contact,SIM not valid; reinserting is not a standard step,False,False,False,False
g132,584750,584749,2017-12-03 08:53:25+00:00,,"Hi, I cancelled a subscription for FilmMaker Pro on the App Store, but I have still been charged £44.99 for a whole year?",For this particular issue let's get you in touch with an iTunes Store Advisor for further assistance at: <url>,0,False,account_store_repair,True,private_info,refund,False,False,False,False
g133,2921564,2921562,2017-11-29 01:06:52+00:00,,I have an open case and it is falling on deaf ears. My 17 MBP keeps frying (smoke & all) my USB SD card readers. Please help!,That's certainly not the experience you should have when speaking with one of our support channels and we definitely want to help with this issue. Join us in a DM by selecting the following link and we'll go from there. <url>,0,False,hardware_damage,True,safety,smoke from USB port; open case also -> repeat_contact,False,False,False,False
g134,514775,514774,2017-12-01 23:49:15+00:00,,"Our Safari browsers since the last Apple security update, keep crashing, the minute you open Safari it crashes, we keep sending in the reports. Is there a problem with the last security update that would do this?","That's not expected behavior after an update, and we want to help. Try the steps here and let us know if it helps: <url>",0,False,apps_services,False,none,Safari crash,False,False,False,False
g135,566791,602394,2017-12-03 21:44:41+00:00,customer: Seems iOS 11.2 #Camera has a focus issue. Just in time for my cousins wedding tonight. Guess I won't be taking any pics. #AppleFail #iPhoneX,Same here - hope 11.2.1 will come soon and fix this. No chance of solving this one with any of the usual tricks.,We'd like to learn more about this situation. Send us a DM with some more details to get started. <url>,1,False,apps_services,False,none,'no chance with usual tricks' = steps tried; weak,False,False,False,False
g136,448359,448358,2017-11-30 20:14:15+00:00,,"If you browse the App Store for a certain time, and try to watch video previews, then the video turns black, it’s happening since iOS 11! It needs to be fixed. <url>",Thanks for reaching out about this. DM us anything you've tried already on your own to resolve this. We'll continue there. <url>,0,True,apps_services,False,none,,False,False,False,True
g137,448402,448401,2017-11-30 20:02:47+00:00,,Still no response from you! Since I’ve updated to iOS 11 I can not connect to unsecured networks. It’s a know issue. What are you doing to fix it? Tried on my friends phone(not updated) and was able to connect. Tried on mine and still nothing. Proof it’s the update!,Thank you for reaching out. We're happy to look into this issue with you. Join up with us in DM; we'll continue from there. <url>,0,False,connectivity,True,repeat_contact,'still no response',False,False,False,False
g138,2945691,2945690,2017-11-29 13:15:50+00:00,,all of the photos on my camera roll got deleted! Are you serious I’m so annoyed!!! About 1 hour ago they were all there now gone! 🤬😡 #Apple,"Hey there. We've received your DM, and will be following up with you there. Be on the lookout for our reply.",0,False,data_loss_sync,False,none,,False,False,False,False
g139,538735,538734,2017-12-02 04:31:22+00:00,,Urgente!! Alguien me puede ayudar con este problemita? Quise actualizar no pudo y me dejo así 😱 <url>,We offer support via Twitter in English. Get help in Spanish here: <url> or join <url>,0,False,non_english,False,none,,False,False,False,True
g140,90542,90541,2017-11-30 12:07:41+00:00,"customer: Pues yo ayer estuve intentando hacerlo. Pero siempre error 3194 Así que no se como hacer retorno a 10.3.3
customer: se supone que todavía está firmada.
customer: Pues a mi me da de que aunque aparezca como firmada, no es posible instalar en mi 6s. Toda una pena, puesto que mi móvil dura cargado unas 4 horas. Antes haciendo lo mismo todo el día. Es inadmisible lo que están haciéndonos los de <url>
customer: Pudiste restaurarlo? A mi me sale el mismo error igual se supone que sigue firmado","tengo el iPhone 7 plus, no me permiten ni descargar el archivo iPSW",We offer support via Twitter in English. Get help in Spanish here: <url> or join <url>,4,False,non_english,False,none,,False,False,False,False
g141,2950937,2950936,2017-11-29 17:23:11+00:00,,"I cleared my Safari history and cache as suggested but these keep popping up on my phone every time I go to view a local news article or an article on . I can’t find help on it, please help me! <url>",Thanks for reaching out to us for support. We would love to help you. Please DM us so that we can look into this together. <url>,0,False,apps_services,True,repeat_contact,"cleared cache as suggested, still popping up",False,False,False,True
g142,537593,537592,2017-12-02 04:27:07+00:00,,iOS 11.1.2 has left my phone unusable:,Thank you for taking the time to reach out to us. Please follow the steps here: <url> Let us know if you're still experiencing issues after.,0,True,general_complaint,False,none,'unusable' no symptom,False,True,False,False
g143,563089,563088,2017-12-02 23:11:35+00:00,,WTF por qué cojones me acaba de llegar un correo de que se me cobran 10€ para pagar mas espacio de iCloud cuando yo no he autorizado ni he pedido nada de eso????,We offer support via Twitter in English. Get help in Spanish here: <url> or join <url>,0,False,non_english,False,none,,False,False,False,False
g144,2906803,2906802,2017-11-28 19:32:20+00:00,,"Ok, I’m glad fixed the weird “I” issue but now my phone is changing “it“ to “I.T” 🙄🤬 is anyone else having this issue?!",May we take a look? Feel free to DM us what country you're located in and we'll go from there. <url>,0,False,keyboard_text_bug,False,none,,False,False,False,False
g145,546585,546584,2017-12-02 10:56:01+00:00,,is this you? <url>,"Great question! We're glad you reached out, as that does not look to be an email from us. Check out <url> for more information on identifying legitimate emails coming from Apple, and how to report them if they are not.",0,False,other,False,none,'is this you?' likely phishing check; canned reply,False,True,False,True
g146,2947057,2947056,2017-11-29 14:46:29+00:00,,should we be worried about the ROOT issue? How do we fix?,Thanks for reaching out. We want to help. Send us a DM letting us know which country you are located in. <url>,0,False,general_complaint,False,none,"question about root vulnerability, not a device symptom",True,False,False,False
g147,515855,515853,2017-12-02 00:28:36+00:00,,"iPhone q. How come when I toggle off WiFi, it just automatically comes back on to continue terrorizing me w password requests?",We can help answer this. Are you using the Settings app or the Control Center to turn off your Wi-Fi?,0,False,connectivity,False,none,Wi-Fi toggle in Control Center,False,False,False,False
g148,561819,561816,2017-12-02 22:34:47+00:00,,can’t connect iPhone neither iPad via wifi to iTunes when I try to sync after iOS 11.2 upgrade #itunes #iphone,"Sorry to hear you're having issues! What happens, exactly, whenever you try to sync your devices?",0,False,apps_services,False,none,iTunes Wi-Fi sync; could be data_loss_sync,False,False,False,False
g149,603248,603247,2017-12-03 22:08:29+00:00,,"serious question, how do I turn my iPhone X off?Asking for a friend",We can help you out. Take a look at the following article for how to turn off the iPhone X: <url>,0,False,other,False,none,how-to,False,False,False,False
g150,2870770,2870769,2017-11-28 02:20:42+00:00,,"Fallas en Mail y Contactos con actualización MacOS High Sierra. Mail me borró las ""firmas"" de todas las cuentas. En Contactos mientras doy de alta un nuevo contacto se sale de la pantalla de captura",We offer support via Twitter in English. Get help in Spanish here: <url> or join <url>,0,False,non_english,False,none,,False,False,False,False
g151,2921543,2921542,2017-11-29 01:05:34+00:00,,So the speaker in my phone blew out. What the fuck I didn’t pay an exorbitant amount of money for this thing to have the speaker blow on me,We appreciate your time working with us to resolve this issue. Not having your device work properly would concern us too. Dm us so we can get started. <url>,0,True,hardware_damage,True,hardware,speaker blew,False,False,False,False
g152,449438,449439,2017-11-30 21:41:48+00:00,"customer: my Bluetooth doesn’t work
brand: We can help with your Bluetooth! Tell us what's not working with it, please. Are you getting an error?
customer: My iPhone
brand: Would you please tell us more about what you're experiencing with your iPhone and Bluetooth? We'd like to help if we can.",I can’t sync up with anything,"Which devices are you having problems connecting to? Also, you may be able to view those photos in <url>",4,True,connectivity,True,repeat_contact,"2 brand turns, still no detail; guide rule",False,False,False,False
g153,589572,589571,2017-12-03 14:55:06+00:00,,is so annoying to have to wait multiple days to reset a password 🙄🙄🙄,We'd like to know more. Which process are you going through to reset your password?,0,False,account_store_repair,False,none,password reset wait; account recovery needs Apple ID; explanation could be public,False,True,False,False
g154,2944452,2944451,2017-11-29 11:36:30+00:00,,"Why do I lose my notes everytime I update? And I can’t set up my mail again, more hassle than it’s worth 😫",Notes are things we rely on too. Let's see where yours are going. Which device are you using? Are you using iCloud on it?,0,False,data_loss_sync,False,none,notes lost first,False,False,True,False
g155,586961,586960,2017-12-03 12:48:03+00:00,,"Angry🤬🤬, phoned apple care on the 14th November, problem with my watch, said you would send out a box for me to send watch back, never received it, phoned again on 24th, said they’d send out other one, still haven’t received it. What’s going on. Case <PHONE>",Thanks for providing that information. We're happy to look into this with you. Join us in DM so that we can continue to discuss your repair. <url>,0,False,account_store_repair,True,private_info,"case number, repair box never arrived; repeat_contact also fits",False,False,False,False
g156,486101,486103,2017-12-01 15:41:57+00:00,"customer: Is there no way I can use a direct email to talk with a member of customer services please?
brand: Thanks for reaching out to us for support. We would love to help you. When you have a free moment, please check out the following link to learn about the various ways that you can contact us: <url>
customer: I just need a customer service email? Can you send this please? I am a uk customer
brand: We can provide support via Chat, Phone and Twitter. You will be connecting directly with a real person who will be happy to assist. DM us and we'll assist from there. <url>","It’s ok thank you, all sorted now!",We're glad to hear it. Let us know if you have any questions or concerns. We'll assist as best we can.,4,True,other,False,none,closure,False,False,False,False
g157,465492,465490,2017-12-01 04:05:22+00:00,,thanks to ur senior developers I am stranded in Thailand without cellular access on my iPhoneX 😡🤬😩😤 case <PHONE> they erroneously transferred my # back to my 7... IN THE STATES!!,"We know how important it is to have access to your iPhone, and we want to offer guidance on the best path forward. Meet us in DM where we can discuss the trouble you're running into further. <url>",0,False,account_store_repair,True,private_info,case number; number transferred to wrong device; connectivity plausible,False,False,False,False
g158,2918838,2918837,2017-11-29 00:20:13+00:00,,I am having trouble syncing my iPhone with my MacBook. I want to add a cd I imported from iTunes to my phone,"We want to make sure that you're able to sync your music. To confirm, you are using the steps here? <url> If so, what happens when you try to sync?",0,False,apps_services,False,none,iTunes sync how-to,False,False,False,False
g159,2923634,2923633,2017-11-29 02:22:50+00:00,,what genius decided you should have a verification code sent to an apple device to make an appt? I need an appt because my apple device DOESN'T WORK.,"We'd be happy to help! Feel free to DM us what country you're located in, and we'll proceed from there. <url>",0,False,account_store_repair,True,private_info,2FA blocking appointment,False,False,False,False
g160,600416,600414,2017-12-03 20:40:38+00:00,,"sooo... I updated my phone for my “i” to turn into an A with a question mark in a box, and my “it” to turn in “ i.t “ like the fuck apple got going on. get i.t together. 😑","We're here to help! Just to be sure, have you backed up your iPhone and updated to iOS 11.2? The latest release includes a fix for auto correct issues. This article will guide you through the process of backing up: <url>",0,False,keyboard_text_bug,False,none,,False,False,False,False
g161,2944483,2944485,2017-11-29 15:27:12+00:00,"customer: 80% de bateria em 30 minutos de uso... um absurdo em
brand: Since our Twitter support is available in English, get help at <url> or join <url>",Support has already called me,Great. We're glad to hear you are getting some help with your issue. Have a good rest of your day.,2,False,other,False,none,closure,False,False,False,False
g162,559038,559039,2017-12-02 22:18:31+00:00,"customer: trying to download disney infinity on iPad but unable to locate it. Please advise how to recover. Thanks.
brand: So that we're on the same page, you had this installed in the past, but deleted it?
customer: Correct.
brand: OK, go in to the App Store and at the top right click the icon that looks like a portrait of someone. Then in there select Purchased, then just switch to the ""Not on this iPad"" tab to reduce the list to just things that aren't currently installed on the device.",We tried that but didn’t find it.,OK then just search the App Store for the application and re-download it from there.,4,False,apps_services,True,repeat_contact,"2 brand turns, steps failed; app removed from store",False,False,False,False
g163,2922757,2922756,2017-11-29 01:36:48+00:00,,Every single #iOS new update is making my iPhone6 slow as hell after in installs. What’s up with this buggy software OS ??,We'll gladly do anything we can to get this sorted out. Are you running iOS 11.1.2? Let us know in DM. <url>,0,False,performance_crash,False,none,,False,False,False,False
g164,592254,592255,2017-12-03 18:37:22+00:00,"customer: howdy. My Apple Music hasn't been working the last few days, just keeps saying loading when I try to search for music or go into the browse section. Any idea what it could be? <url>
brand: Thanks for reaching out! Let's see what's going on so you can get back to enjoying your music. We'll start with some isolation, can you try to disconnect from Wi-Fi and see if you're experiencing this same behavior on your cellular network?
customer: Yeah it's the exact same unfortunately!
brand: Thank you for letting us know. Which iOS version are you using under Settings > General > About?",10.2.1,"Thank you! We recommend creating backup of your data, and update your iOS to iOS 11.2. This article has the details: <url>",4,False,apps_services,False,none,2 brand turns but diagnostic progress,False,False,False,False
g165,101274,101273,2017-11-30 17:03:48+00:00,,Alguien sabe pxq le pasa esto a mi nuevo iPhone X ese cuadro q?😤 <url>,We offer support via Twitter in English. Get help in Spanish here: <url> or join <url>,0,False,non_english,False,none,,False,False,False,True
g166,596937,596939,2017-12-03 19:29:59+00:00,"customer: my iPhone 8+ GPS has not been working properly since yesterday. It was running just fine when I got it last week. I’ve reset network settings/restarted my phone, but nothing.
brand: GPS can be vital for helping you get where you need to be; let's get this sorted out. What exactly is happening with the GPS? Are you using the Maps application, or another app?","With apple maps and google maps, my location “indicator” does not keep up with what my actual location is (i.e. the blue “dot” appears stuck when driving from one location to another and will make sudden adjustments, but appear stuck again)","Thanks for clearing that up for us. Since you mentioned this started yesterday, can you let us know if there were any changes made to your iPhone at that time? For example, were any updates installed, or any settings changed?",2,False,connectivity,True,repeat_contact,reset network settings + restart tried,True,False,False,False
g167,2948335,2948337,2017-11-29 16:21:15+00:00,"customer: ummm this last iOS update has deleted my iTunes library I’m unable to download it from iCloud & can’t playback the few songs that are on my phone WTF?!?!
brand: Let's take a look into this together. Which device are you using?",iPhone 7 Plus,"Alright, are you getting any error messages? Also, do you have an Apple Music subscription?",2,False,data_loss_sync,False,none,,False,False,False,False
g168,542370,542369,2017-12-02 07:46:04+00:00,,Same ISSUE !!! <url>,"We can help out. We need to get you updated to iOS 11.2. The process is going to be a little different from a typical update. Use the instructions here: <url> Before updating, make sure you have a current backup. Tell us in DM if the issue continues: <url>",0,False,general_complaint,False,none,'same issue' with image only,False,True,False,True
g169,2953825,2953824,2017-11-29 18:22:15+00:00,,dear god please help me <url>,Thanks for reaching out. Here's a great article to help you restore your iPhone from a more recent backup: <url>,0,False,general_complaint,False,none,image only,False,True,False,True
g170,90310,2908114,2017-11-28 20:09:08+00:00,"customer: Dear , we noticed a *HUGE* security issue at MacOS High Sierra. Anyone can login as ""root"" with empty password after clicking on login button several times. Are you aware of it ?",I can confirm the behavior on my machine running 10.13.1. Absolutely unbelievable!,"We'd like to take a closer look at what's happening. DM us with more details, including what type of Mac you're using. We'll look forward to chatting with you further. <url>",1,False,general_complaint,False,none,"root vuln confirmation, not a support symptom",True,False,False,False
g171,2905243,2905241,2017-11-28 19:00:00+00:00,,"Hey , I'm trying to schedule a service appointment for a black screen, requires a two-factor authentication that is being sent to the same phone that doesn't work? Tried to call, it also requires me to log into the phone that currently doesn't work??","Hey, we can help you get back onto your iPhone. Does your iPhone appear to be powered on despite the blank screen? For example, can you hear sounds or feel vibrations from alerts?",0,False,account_store_repair,True,private_info,black screen first; 2FA blocking appointment also private_info,False,False,True,False
g172,588178,588177,2017-12-03 13:23:40+00:00,,"o seus arrombado, começa a fazer cabo e fone decente e que não quebre com tempo de uso E PARA DE SÓ MELHORAR A PORRA DA CÂMERA, SEUS FILHA DA PUTA <url>","Since our Twitter support is available in English, get help at <url> or join <url>",0,False,non_english,False,none,Portuguese,False,False,False,True
g173,2910456,2910455,2017-11-28 21:19:29+00:00,,need some help regarding apple music please contact ...,We'll help in any way we can. Please let us know more about what's happening.,0,False,apps_services,False,none,"Apple Music, no symptom; clarify",False,True,False,False
g174,520288,520286,2017-12-02 01:48:56+00:00,,DELETE THIS SHIT I️ <—,"We've released an update which should fix this issue. To install this version, iOS 11.1.2, make sure to create a backup and update using the steps here: <url> Let us know if we can help with anything else!",0,False,keyboard_text_bug,False,none,,False,False,False,False
g175,463920,463919,2017-12-01 03:32:02+00:00,,i just wanna know where my concert pics and vIDS ARE why did i wake up in the morning to all of my frickin pictures missing?,We'd love to help. DM us and let us know if you are managing your photos using the iCloud Photo Library feature. We can go from there. <url>,0,False,data_loss_sync,False,none,,False,False,False,False
g176,513602,513601,2017-12-01 23:24:58+00:00,,Anyone else have problems with the #iPhone randomly closing when typing a response to texts from the lock screen?? And it doesn’t save what you typed! #annoying #fixit T,Let's take a look together to get the Messages app working right when answering texts from notifications on your lock screen. Which device model do you have and what's the exact iOS version number installed? Tired any steps so far and when did this start?,0,False,performance_crash,False,none,Messages closing from lock screen,False,False,False,False
g177,2920022,2920021,2017-11-29 00:55:18+00:00,,Just finished working out and realized my wrist is tender.....my Apple Watch burned me! Ugh I don't think this is normal?!?! #Apple #AppleWatch #burn #notnormal <url>,Let's take a look at this further you. Which Apple Watch model do you have? <url> Let us know in DM. <url>,0,False,hardware_damage,True,safety,watch burn,False,False,False,True
g178,449441,449440,2017-11-30 21:00:08+00:00,"customer: Anybody else having problems with . It’s letting me download apps. But when trying to update apps it wants a password then says it’s wrong #FirstWorldProblems
customer: Ok so changed my password & when I logged back in it said the new password was wrong. My account is now locked and had to start account recovery. App Store regular says my password is wrong what’s going on
brand: Is this happening when trying to update apps? If so, when you start to update the app, in the window that asks for the password, is it the same Apple ID that you are currently using?",Forget that it is a different email. A email address I’m not even logged in with,"OK, thank you. Is this other Apple ID one that you've used before and know the password to? Let us know in DM and we'll continue there. <url>",3,False,account_store_repair,True,private_info,"account locked, different Apple ID",False,False,False,False
g179,449487,449485,2017-11-30 20:54:23+00:00,,just got the iPhone 8plus. Restored my phone from a backup and got everything except my photos. I had 4 thousand plus photos and I had iCloud photo sharing on. How can I recover? They show up on my iPad however not my iPhone 8,We're happy to help with your photos. Do you have iCloud Photo Library turned on? Here is more information: <url> If you need more help. Reach us via to continue. <url>,0,True,data_loss_sync,False,none,,False,False,False,False
g180,480616,480615,2017-12-01 04:17:03+00:00,,I played a German song on Spotify and now half of my phone is in German wtf,"Let's look into this together. To get started, check Settings > General > Language & Region. Is the iPhone Language set to English?",0,False,apps_services,False,none,language partly switched; settings check,False,False,False,False
g181,2903769,2903768,2017-11-28 18:36:52+00:00,,anyone know how to upload an iMovie file to YouTube or anywhere when storage on iPad is full? Literally nothing left to delete and won't upload to iCloud even though there's loads of room (need to delete stuff from iPad message appears) - help,"You're in the right place for help! So we can take an in-depth look at the storage usage and provide the most accurate steps to freeing up storage on the iPad, select the following link to join us in a DM and we'll continue there. <url>",0,False,data_loss_sync,False,none,storage full,False,False,False,False
g182,592217,592216,2017-12-03 16:50:19+00:00,,"Yooo how come suddenly every time I plug my #iphone7 into my computer, it changes my ringtones? Never did this before.","Let's look into this together. Send us a DM with your iPhone's current iOS version, and we'll continue there together. <url>",0,False,apps_services,False,none,iTunes sync changing ringtones,False,False,False,False
g183,570902,570901,2017-12-03 03:56:07+00:00,,Doing a fresh install of iOS 11.2 now. This constant rebooting bug is unacceptable for an product! Completely unusable.,We know how important it is for your iPhone to work. We're happy to help. Let us know in DM if the update helps resolve the issue. <url>,0,False,performance_crash,False,none,fresh install in progress,False,False,False,False
g184,604005,604004,2017-12-03 22:53:38+00:00,,"MacBook did the ""security update"". Now runs hot and CPU using 25% of resources at idle. What gives ?","Let us look into that with you. Send us a DM, we'll continue there. <url>",0,False,performance_crash,False,none,hot + CPU idle load after update,False,False,False,False
g185,520152,520154,2017-12-02 02:38:46+00:00,,"Alright, real talk. Has ’s service been down a bit in St. George, UT or is not so secretly sabotaging my 6S+ now that the newer phones are out??",We'd like to see how we can help. What exactly is happening with your cellular connection and which exact iOS version number is installed? Have you tried any steps on your iPhone 6s Plus and when did this start? <url>,0,False,connectivity,False,none,,False,False,False,False
g186,558407,558409,2017-12-02 21:39:48+00:00,"customer: who is behind this account? Is it really Apple? Your handling of questions about Apple Pay Cash is misleading... no, incompetent. Why are you telling people there’s no Apple Pay Cash in 11.2 when the update says it is? <url>
brand: Please send us a DM, so we can help further. <url>",No I’m not going to DM you. Is there something special here that requires closed doors?,"If you're in the US, those features will require iOS 11.2 and will begin rolling out early next week.",2,False,apps_services,False,none,refuses DM; public answer on Apple Pay Cash rollout is right,False,False,False,False
g187,87027,87025,2017-11-30 08:55:52+00:00,,Left home 20 minutes ago with full battery. Now on 28%. What a pile of 💩 your latest IOS is. And in the rind I’ve typed this tweet I’ve lost another 3 %.,"We can help out with battery life! What iOS version is the device on, and which device are you currently using?",0,False,battery_power,False,none,,False,False,False,False
g188,599136,599135,2017-12-03 20:00:50+00:00,,"Se me cayó mi celular desde el tercer piso del antro y ya no quiere servir la pantalla, súper mala calidad, no aguanta nada",We offer support via Twitter in English. Get help in Spanish here: <url> or join <url>,0,False,non_english,False,none,,False,False,False,False
g189,105323,105322,2017-11-30 18:29:01+00:00,,MY AIRPODS CASE WONT ChARGE WTF,We are here to help. Is it both that will not charge or just one?,0,False,battery_power,False,none,AirPods case won't charge; try cable first,False,False,False,False
g190,483223,483222,2017-12-01 07:31:38+00:00,,"Dear After testing the faceID for some time, I have a suggestion. Add an extra layer of security feature, which requires blinking before the device unlocks. This feature will tackle two issues: 1- sleeping 2- masking manikins Thanx",Thanks for reaching out to let us know. Your feedback is extremely important to us. Feel free to share your ideas with us here: <url>,0,False,other,False,none,feature suggestion,False,False,False,False
g191,94757,94759,2017-12-01 11:14:58+00:00,"customer: After i updated my iphone 6s to 11.1.2 the battery started draining really fast and there is issue in charging too
brand: We get how important battery life is to be able to rely on your device. Let's get started troubleshooting what is going on. How long ago did you update to 11.1.2? Additionally, in the App Store, do you have any updates to install? If so, go ahead and do so.",it’s been 5-6 days when i updated to 11.1.2 and all the apps are on their latest version. So what’s next?,Thank you. Let's take a closer look into support options in DM. Send us a message with the country you're located in and we will follow up there. <url>,2,False,battery_power,True,repeat_contact,"1 brand turn; update done, no restart/reset stated",False,False,False,False
g192,582797,582795,2017-12-03 04:48:01+00:00,,"FIX THIS ""IPHONE RESTARTING EVERY FUCKING 30 SECONDS"" SHIT 👏😡 PLZ🤧 <url>","Thanks for reaching out about this behavior. Does that still continue after following the steps from this article? <url> Let us know your results, and we’ll keep moving from there.",0,False,performance_crash,False,none,,False,False,False,True
g193,590857,590856,2017-12-03 16:18:10+00:00,,just upgraded from a iPhone 5s to a 7 and it’s still slow as fuck. Should have went for instead 😭,That should not be happening. Let us help with your iPhone 7. Which version of iOS are you using? You can check in Settings > General > About.,0,True,performance_crash,False,none,,False,False,False,False
g194,584826,584825,2017-12-03 07:31:11+00:00,,"Y cant “remove download” simply mean get it off my phone, stop showin me whats not downloaded on my phone, and not HIDE the track????",It sounds like you don't want to download or see the track in the Music app. Is that correct? Please send us a DM. <url>,0,False,apps_services,False,none,,False,False,False,False
g195,571841,571840,2017-12-03 04:15:05+00:00,,😒somebody get these damn question marks please,"Hi there. We're here for you. We recently released an iOS update, 11.1.1, that contains a fix for autocorrect issues. Let’s be sure to back up your device prior to updating. How to back up: <url>",0,False,keyboard_text_bug,False,none,,False,False,False,False
g196,552025,552024,2017-12-02 15:30:48+00:00,,I know my iPhone is not the only one that keeps rebooting every 30 seconds!!!!!!! 🤦🏽‍♂️🤦🏽‍♂️,We're here to help. Check out this article with some steps to help resolve this issue: <url> Be sure to back up your data beforehand.,0,False,performance_crash,False,none,,False,False,False,False
