brand,replies,pairs,unique_customers,days_active,span_days,first_turn_share,thread_size_p50,thread_size_mean,dm_rate,reply_url_share,substantive_public_share,reply_uniqueness,top10_template_share,reply_len_p50,cust_len_p50,cust_short_share,cust_non_english_share,latency_p50_min,cluster_entropy,silhouette,embedding_spread
AmazonHelp,169840,168814,71048,198,905,0.5796794104754345,5.0,9.28650467378298,0.006462734133424953,0.4132714111388866,0.9299465684125724,0.9099186086462023,0.0058703662018552965,123.0,118.0,0.02825002665655692,0.05733529209662706,11.466666666666667,0.9884111628480564,0.05224951356649399,0.9203569293022156
AppleSupport,106860,106646,76365,125,640,0.7806950096581212,3.0,4.9406916340040885,0.5255893329332558,0.7537366614781614,0.46194887759503406,0.7740843538435572,0.10082891060142903,129.0,108.0,0.024239071320068264,0.001265870262363333,70.96666666666667,0.9778036659231478,0.029058879241347313,0.8908244371414185
Uber_Support,56270,56160,38299,143,868,0.7923967236467236,3.0,8.055074786324786,0.36018518518518516,0.5131766381766382,0.6358796296296296,0.37175925925925923,0.12309472934472934,104.0,121.0,0.01858974358974359,0.00014245014245014244,8.85,0.9856571153779929,0.03435627743601799,0.8884939551353455
SpotifyCares,43265,43092,27793,147,1538,0.7229648194560475,4.0,7.731342244500139,0.30850273832729974,0.5056390977443609,0.683885640025991,0.8182261208576999,0.017451034994894643,131.0,101.0,0.027035180543952472,0.000742597233825304,43.78333333333333,0.9899860522792002,0.03190325200557709,0.9127216935157776
Delta,42253,42114,22329,130,599,0.746663817257919,4.0,5.926081588070476,0.16469582561618465,0.152395877855345,0.6451061404758512,0.922686042646151,0.016217884788906303,102.0,114.0,0.041387662060122524,0.00037992116635798075,10.166666666666666,0.9699261790717603,0.02137109450995922,0.9002918004989624
Tesco,38573,38468,15593,140,1149,0.7295414370385775,5.0,9.43846833731933,0.2687428512009982,0.08147031298741811,0.7101746906519705,0.9393521888322762,0.012815846937714464,134.0,119.0,0.02773734012685869,0.00018196942913590517,96.71666666666667,0.9859705843732709,0.023539599031209946,0.9220162630081177
AmericanAir,36764,36531,21686,121,2363,0.747912731652569,4.0,4.67230571295612,0.16783006213900523,0.06361720182858394,0.7492814322082615,0.9677260408967726,0.00681612876734828,107.0,125.0,0.013139525334647286,0.00010949604445539405,10.733333333333333,0.9874523851333558,0.019891556352376938,0.8901845812797546
TMobileHelp,34317,34215,19942,121,1671,0.7997954113692824,4.0,29.39824638316528,0.8189682887622388,0.48209849481221684,0.16466462078035948,0.9696039748648254,0.009995615957913196,126.0,110.0,0.029489989770568464,0.00023381557796288177,2.75,0.9727361926786066,0.02893957868218422,0.9019031524658203
comcastcares,33031,32921,21823,111,758,0.8376720026730659,3.0,11.51966829683181,0.7157741259378512,0.03976185413565809,0.2561586829075666,0.7257373712827678,0.05248929254882902,127.0,108.0,0.01515749825339449,0.00015187874001397285,29.233333333333334,0.9622499756523869,0.04095787554979324,0.8896039128303528
British_Airways,29361,29290,14212,141,2044,0.6952202116763401,4.0,5.8490952543530215,0.1402867872994196,0.06684875384090133,0.799146466370775,0.989791737794469,0.003277569136223967,124.0,133.0,0.0026630249231819735,0.0,180.50833333333333,0.9807898195938267,0.022511163726449013,0.8947747945785522
SouthwestAir,28977,28828,19712,95,1081,0.7773692243652005,3.0,21.084709310392675,0.17011239073123352,0.1590467600943527,0.7546829471347302,0.9761343138615235,0.00548078257249896,118.0,116.0,0.011481892604412377,3.468849729429721e-05,6.983333333333333,0.9901218438137508,0.011798604391515255,0.892835259437561
VirginTrains,27817,27416,12626,108,2093,0.5834549168368836,5.0,9.704479136270791,0.02618908666472133,0.1256565509191713,0.6621680770353079,0.9284359498103297,0.013349868689816165,78.0,116.0,0.013678144149401808,0.0,3.283333333333333,0.9841694698453584,0.022086281329393387,0.8990926146507263
Ask_Spectrum,25860,25617,17213,92,952,0.7744466565171566,3.0,9.189834875278136,0.495296092438615,0.3954405277745247,0.4697271343248624,0.5507670687434125,0.1349884842097045,147.0,102.0,0.01772260608189874,7.807315454580943e-05,18.716666666666665,0.9849758204294253,0.025845564901828766,0.886385440826416
XboxSupport,24557,23235,13149,102,1404,0.6964493221433182,4.0,14.520421777490855,0.21527867441360019,0.39074671831289004,0.76001721540779,0.7216268560361524,0.08659350118355928,115.0,107.0,0.032623197761996986,0.0006455777921239509,80.85,0.9670257444312367,0.01919076032936573,0.9058735370635986
sprintcare,22381,22209,12895,112,2198,0.7561349002656581,4.0,13.934576072763294,0.47890494844432435,0.1729479040028817,0.4589130532666937,0.8619028321851502,0.014363546310054482,117.0,99.0,0.039173308118330405,0.0005853482822279256,9.2,0.9811792475810001,0.034913673996925354,0.8949295282363892
hulu_support,21872,21681,13461,124,1175,0.7171255938379226,4.0,7.357225220238919,0.005211936718786034,0.5487754254877543,0.9942807066094738,0.9943268299432683,0.0024445366911120337,132.0,110.0,0.009270790092707901,0.0001383700013837,450.6333333333333,0.9871832206310641,0.029548199847340584,0.8869767189025879
sainsburys,19466,19399,10334,109,1501,0.6290530439713388,4.0,7.1175318315377085,0.23052734677045209,0.3057374091448013,0.6770967575648229,0.931439764936337,0.0180421671220166,120.0,115.0,0.020104129078818495,0.00015464714676014229,81.8,0.9639635647786479,0.02776913158595562,0.9231802821159363
GWRHelp,19364,19237,7602,110,1757,0.6131933253625825,5.0,9.128294432603836,0.014191401985756615,0.06778603732390705,0.8951499714092634,0.9796745854343193,0.007173675729063783,110.0,117.0,0.02245672402141706,0.0,7.7,0.9868987037475252,0.016864532604813576,0.8814060688018799
AskPlayStation,19098,18675,12214,137,1239,0.6666131191432396,4.0,5.339437751004016,0.27025435073627846,0.35892904953145915,0.6553145917001338,0.5434002677376172,0.08069611780455153,102.0,109.0,0.029397590361445784,5.35475234270415e-05,31.383333333333333,0.9766720317617501,0.035605065524578094,0.9015430212020874
ChipotleTweets,18749,18599,14374,101,1900,0.7807946663799129,2.0,8.831173719017151,0.008978977364374429,0.2774880369912361,0.5767514382493683,0.8033227592881338,0.048443464702403356,72.0,90.0,0.009893005000268832,0.0002150653260928007,12.15,0.9509668228968634,0.0560063011944294,0.906629204750061
VerizonSupport,17966,17805,7778,82,208,0.5136197697276046,6.0,9.79775344004493,0.11710193765796124,0.1082841898343162,0.680033698399326,0.7939904521201909,0.057399606852007866,83.0,101.0,0.05015445099691098,5.616399887672002e-05,3.3,0.9820426168711606,0.029884280636906624,0.9099245667457581
UPSHelp,17817,17762,14614,75,1816,0.9107645535412678,2.0,3.5164395901362457,0.6838193897083662,0.8510865893480464,0.2987276207634275,0.7516608490034906,0.09053034568179259,139.0,128.0,0.016326990203805878,0.000844499493300304,13.966666666666667,0.9645120089052444,0.020787209272384644,0.8675394058227539
ATVIAssist,17650,17514,12422,125,1297,0.7350119904076738,4.0,36.24386205321457,0.23809523809523808,0.3210003425830764,0.7244490122187964,0.7768642229073883,0.07028662784058468,111.0,97.0,0.02723535457348407,0.00017129153819801302,363.26666666666665,0.9746266061761804,0.03242633864283562,0.8998410105705261
O2,16212,16069,8814,115,570,0.6211960918538801,4.0,9.264920032360445,0.28327836206360074,0.46717281722571413,0.6154707822515403,0.9489078349617276,0.01954073059929056,116.0,114.0,0.029311095898935838,0.0002489265044495613,78.93333333333334,0.9916509289043481,0.03540269285440445,0.9031084179878235
idea_cares,15724,15591,6021,137,724,0.6583926624334552,5.0,9.604323006862934,0.2017189404143416,0.33063947148996214,0.7935347315759091,0.6326726957860304,0.13199923032518762,129.0,116.0,0.029632480277082932,0.02629722275671862,29.85,0.9827916950026367,0.043598610907793045,0.884719729423523
Safaricom_Care,16077,15441,7046,233,1748,0.6692571724629234,4.0,7.7726183537335665,0.1945469852988796,0.10757075318956026,0.5182954471860631,0.8589469593938216,0.01949355611683181,80.0,88.0,0.029337478142607343,0.00012952528981283597,15.033333333333333,0.9793109061604016,0.04669448733329773,0.892626166343689
AskTarget,13218,13210,10714,87,511,0.8744133232399697,2.0,3.6507191521574565,0.3392884178652536,0.2512490537471612,0.6573807721423164,0.955109765329296,0.01158213474640424,147.0,121.0,0.007721423164269493,0.0,139.28333333333336,0.9777548520155134,0.024436146020889282,0.9136232137680054
AirAsiaSupport,12829,12694,6355,117,1447,0.6505435638884512,4.0,32.351268315739716,0.1733102253032929,0.08374034977154561,0.769733732472034,0.8926264376870963,0.029620293051835514,114.0,108.0,0.03734047581534583,0.03080195367890342,162.75833333333333,0.9746111901572156,0.04656287282705307,0.8857317566871643
BofA_Help,12683,12634,6238,88,1733,0.7706981161943961,4.0,10.850166218141522,0.09379452271647934,0.30687034984961215,0.8350482824125376,0.7367421244261516,0.05611841063796106,109.0,108.0,0.037913566566408104,0.0004749089757796422,52.90833333333333,0.9716617625268484,0.03717508912086487,0.8925747871398926
ArgosHelpers,12174,12030,6795,71,1185,0.6781379883624272,4.0,5.799168744804655,0.28470490440565255,0.07830423940149626,0.5561097256857855,0.9579384871155445,0.03059019118869493,102.0,114.0,0.02826267664172901,0.0,9.983333333333333,0.9821400229570912,0.03302058205008507,0.9053088426589966
AskLyft,11809,11782,9407,89,836,0.9123238838906808,2.0,4.13325411644882,0.554150398913597,0.7271261245968427,0.41189950772364625,0.5963333899168223,0.20514343914445765,130.0,109.0,0.019860804617212697,0.00033950093362756747,6.433333333333334,,,
SW_Help,12231,11729,4610,85,1858,0.6026089180663313,5.0,8.317503623497315,0.0072469946286980984,0.16250319720351267,0.861198738170347,0.9820956603290988,0.006394407025321852,111.0,116.0,0.015517094381447693,0.0,6.566666666666666,,,
marksandspencer,11504,11425,7599,95,716,0.7822319474835886,3.0,5.412603938730854,0.11150984682713348,0.1274398249452954,0.7445951859956237,0.9519474835886215,0.02940919037199125,112.0,126.0,0.003413566739606127,8.7527352297593e-05,227.45,,,
AskPayPal,11298,11239,9437,98,953,0.8837974908799715,2.0,4.834237921523267,0.7260432422813418,0.2675504938161758,0.24859862977133196,0.7709760654862532,0.05205089420766972,133.0,108.0,0.031408488299670786,0.0038259631639825605,1048.4,,,
MicrosoftHelps,11304,11215,4105,91,1518,0.5572001783325903,6.0,8.229068212215783,0.07989300044583147,0.5120820329915292,0.9045920641997325,0.9005795809184128,0.03245653143111904,130.0,123.0,0.012304948729380294,0.00017833259028087384,143.55,,,
AskAmex,11358,11090,3976,96,829,0.5856627592425608,5.0,7.184129846708746,0.016591523895401264,0.06330027051397656,0.8384129846708747,0.7045085662759243,0.07736699729486024,100.0,97.0,0.09278629395852118,9.017132551848512e-05,16.0,,,
Morrisons,10126,9980,5451,88,938,0.7235470941883767,4.0,5.293787575150301,0.2562124248496994,0.005711422845691383,0.5763527054108216,0.9625250501002004,0.0156312625250501,103.0,121.0,0.023947895791583167,0.0,58.358333333333334,,,
AdobeCare,9917,9858,4643,89,201,0.6137147494420775,5.0,7.213937918441875,0.09129640900791236,0.4115439237167782,0.8448975451410022,0.7651653479407587,0.11584499898559546,129.0,123.0,0.017752079529316293,0.0007100831811726517,27.991666666666667,,,
AskeBay,9686,9612,4963,98,700,0.6570952975447357,4.0,5.872763212650853,0.2838119017894299,0.1826883062838119,0.6878901373283396,0.9924053266749896,0.005305867665418227,131.0,126.0,0.03110694964627549,0.0009363295880149813,399.70000000000005,,,
airtel_care,9881,9402,2818,155,1195,0.6570942352690917,6.0,12.639225696660285,0.18783237609019357,0.027866411401829397,0.692724952137843,0.5262710061689002,0.09519251223144012,114.0,100.0,0.04967028291852797,0.0021272069772388853,738.5583333333334,,,
AirbnbHelp,8875,8820,5361,86,510,0.745578231292517,3.0,5.0081632653061225,0.5896825396825397,0.1810657596371882,0.39206349206349206,0.9781179138321996,0.013605442176870748,143.0,129.0,0.022675736961451247,0.002380952380952381,8.7,,,
ChaseSupport,8811,8707,6677,103,1610,0.8362237280349144,2.0,3.5943493740668426,0.4792695532330309,0.49109911565407144,0.4819111060066613,0.8198001607901688,0.027334328701045137,132.0,112.0,0.031124382680601814,0.0005742506029631331,71.55,,,
McDonalds,8478,8427,8199,84,1676,0.9619081523673906,2.0,8.271152248724338,0.006882639136110123,0.09006763972944108,0.7141331434674262,0.6519520588584312,0.07559036430520945,76.0,55.0,0.09540761836952652,0.000711997152011392,636.4,,,
JetBlue,8020,7956,4628,88,2709,0.7341628959276018,4.0,4.731649069884364,0.10696329813976872,0.19230769230769232,0.6523378582202112,0.9400452488687783,0.04172951231774761,97.0,113.0,0.029286073403720463,0.0005027652086475615,3.566666666666667,,,
AldiUK,8114,7846,6327,70,1560,0.8728014274789702,2.0,7.681238847820546,0.2935253632424165,0.04843232220239613,0.48687229161356105,0.8529186846800918,0.07417792505735407,114.0,115.0,0.0062452204945195,0.00038236043843996943,69.10833333333333,,,
CoxHelp,7861,7813,4320,76,1456,0.6964034301804685,4.0,5.590938179956483,0.4419557148342506,0.16498144118776398,0.5090234225009599,0.8781517982849097,0.04991680532445923,115.0,103.0,0.03942147702547037,0.0002559836170485089,19.633333333333333,,,
Ask_WellsFargo,7578,7559,5585,93,1895,0.8477311813731975,2.0,3.7272125942585,0.38259028972086256,0.44185738854345813,0.5744146051064956,0.9420558274904088,0.016801164175155443,135.0,90.0,0.046434713586453236,0.0006614631565021828,68.1,,,
AlaskaAir,7478,7412,4736,74,1182,0.7794117647058824,3.0,5.424851592012952,0.13289260658391797,0.17862924986508366,0.6079330814894766,0.940636805180788,0.016999460334592553,86.0,117.0,0.022800863464651915,0.0,3.5,,,
HPSupport,7200,7145,3717,98,895,0.904408677396781,3.0,4.1603918824352695,0.3899230230930721,0.5871238628411477,0.6020993701889433,0.5909027291812456,0.14667599720083974,134.0,109.0,0.011756473058082575,0.0013995801259622112,222.11666666666667,,,
AzureSupport,7565,7010,2775,79,325,0.5804564907275321,6.0,7.45320970042796,0.19500713266761768,0.4115549215406562,0.6981455064194009,0.7734664764621969,0.04550641940085592,103.0,113.0,0.031241084165477887,0.006419400855920114,3.2,,,
LondonMidland,6822,6498,3050,63,599,0.5795629424438289,5.0,7.6355801785164665,0.010464758387196061,0.056017236072637734,0.7442289935364728,0.9627577716220376,0.014465989535241613,94.5,112.0,0.01123422591566636,0.0,4.616666666666666,,,
GloCare,6308,6300,2399,112,1341,0.5796825396825397,6.0,10.285714285714286,0.016984126984126983,0.029206349206349208,0.8387301587301588,0.7590476190476191,0.07476190476190477,101.0,101.0,0.06634920634920635,0.0,53.99166666666667,,,
DropboxSupport,5954,5938,3173,65,192,0.7460424385314921,4.0,7.207140451330415,0.1993937352643988,0.25109464466150216,0.7482317278544964,0.94004715392388,0.01835634893903671,142.0,123.0,0.009262377905018524,0.0030313236780060626,1387.5666666666666,,,
DellCares,5336,5210,1763,82,812,0.7562380038387716,6.0,7.744145873320537,0.38426103646833015,0.21170825335892515,0.5859884836852207,0.9552783109404991,0.01727447216890595,133.0,130.0,0.02744721689059501,0.0007677543186180423,45.9,,,
GreggsOfficial,4522,4487,3296,64,724,0.7686650323155784,3.0,7.170269667929574,0.17071540004457322,0.05861377312235347,0.23088923556942278,0.8803209271227992,0.043904613327390235,42.0,107.0,0.0033429908624916425,0.00022286605749944285,37.13333333333333,,,
VirginAtlantic,4318,4256,2402,79,1789,0.6811560150375939,4.0,5.036419172932331,0.0805921052631579,0.13345864661654136,0.7453007518796992,0.9906015037593985,0.009398496240601503,95.0,126.0,0.00681390977443609,0.0,13.45,,,
TacoBellTeam,4082,4081,3089,72,262,0.7730948296986033,3.0,3.5052683165890715,0.4013722126929674,0.3246753246753247,0.18206321979906886,0.3312913501592747,0.20632197990688556,53.0,100.0,0.016172506738544475,0.0,299.8333333333333,,,
nationalrailenq,4444,4073,2146,57,589,0.5300761109747115,5.0,6.50085931745642,0.003928308372207218,0.12595138718389393,0.7947458875521728,0.9393567395040511,0.04051068008838694,92.0,110.0,0.01080284802356985,0.0,5.416666666666667,,,
AskCiti,4081,4036,2197,87,1936,0.8277998017839445,4.0,4.882309217046581,0.2688305252725471,0.6719524281466799,0.7277006937561943,0.8939544103072349,0.03691774033696729,156.0,121.0,0.019078295341922697,0.0009910802775024777,91.05000000000001,,,
AskPapaJohns,3908,3892,3149,77,578,0.8478931140801644,2.0,3.8751284686536485,0.6276978417266187,0.024152106885919837,0.24871531346351491,0.8389003083247688,0.10226104830421377,100.0,104.0,0.02183967112024666,0.0,8.508333333333333,,,
CenturyLinkHelp,3801,3793,2696,71,310,0.8771421038755602,3.0,4.941734774584761,0.7822304244661218,0.0350645926707092,0.20010545742156605,0.6583179541260216,0.1708410229369892,116.0,118.0,0.014236751911415766,0.0002636435539151068,6.35,,,
NikeSupport,3468,3408,1487,86,1967,0.48444835680751175,6.0,13.542840375586854,0.10974178403755869,0.1596244131455399,0.8274647887323944,0.8392018779342723,0.06866197183098592,104.0,102.0,0.03345070422535211,0.00029342723004694836,33.50833333333333,,,
Postmates_Help,3346,3336,2846,71,819,0.9166666666666666,2.0,3.491906474820144,0.7721822541966427,0.14418465227817745,0.17296163069544365,0.6534772182254197,0.16996402877697842,76.0,121.0,0.004196642685851319,0.0,2.35,,,
VirginAmerica,2815,2802,1918,69,703,0.7815845824411135,3.0,4.197715917201998,0.13668807994289792,0.1937901498929336,0.5970735189150607,0.9550321199143469,0.021413276231263382,87.0,119.0,0.016773733047822984,0.0,3.6166666666666667,,,
ATT,2790,2716,2187,74,280,0.7997054491899853,3.0,6.960235640648012,0.5802650957290133,0.17562592047128128,0.37223858615611194,0.959499263622975,0.03240058910162003,132.0,111.0,0.025036818851251842,0.0003681885125184094,49.15,,,
IHGService,2643,2625,1601,75,511,0.843047619047619,3.0,3.997333333333333,0.4038095238095238,0.8346666666666667,0.5866666666666667,0.9699047619047619,0.02780952380952381,154.0,127.0,0.008380952380952381,0.0,11.066666666666666,,,
Walmart,2643,2608,2364,62,387,0.9305981595092024,2.0,2.785659509202454,0.0015337423312883436,0.04256134969325153,0.7032208588957055,0.995398773006135,0.008052147239263804,78.0,101.0,0.018404907975460124,0.0,113.65,,,
TfL,2243,2213,1540,67,167,0.8413917758698599,3.0,4.230004518752824,0.02711251694532309,0.20515137821961138,0.8761861726163579,0.9457749661093539,0.03705377315860822,118.0,116.0,0.02394938996836873,0.0,37.78333333333333,,,
askpanera,2153,2152,1940,70,82,0.9233271375464684,2.0,2.6733271375464684,0.6779739776951673,0.1496282527881041,0.3150557620817844,0.8968401486988847,0.04507434944237918,123.0,113.5,0.0023234200743494425,0.0,8.091666666666667,,,
KFC_UKI_Help,2103,2098,1998,73,166,0.9718779790276454,2.0,2.7612011439466158,0.7040038131553861,0.006196377502383222,0.2440419447092469,0.48665395614871304,0.36939942802669207,97.0,129.0,0.0023832221163012394,0.0,66.8,,,
NortonSupport,2011,1972,818,75,92,0.5268762677484787,6.0,9.58265720081136,0.13539553752535496,0.2854969574036511,0.7596348884381339,0.9315415821501014,0.0436105476673428,119.0,96.0,0.05070993914807302,0.2718052738336714,8.725,,,
GoDaddyHelp,1965,1948,1378,73,1071,0.7874743326488707,3.0,4.000513347022587,0.3372689938398357,0.5349075975359343,0.6119096509240246,0.9450718685831622,0.03696098562628337,131.0,124.0,0.011806981519507187,0.001540041067761807,158.58333333333334,,,
ArbysCares,1904,1903,1565,68,177,0.8539148712559117,2.0,3.389385181292696,0.029427220178665267,0.06673673147661587,0.8097740409879138,0.5486074619022596,0.30320546505517604,99.0,97.0,0.02837624802942722,0.0,1057.7,,,
AsurionCares,1898,1846,944,65,975,0.6034669555796316,5.0,6.986457204767064,0.2990249187432286,0.03737811484290358,0.6305525460455038,0.8271939328277357,0.06554712892741062,108.0,129.0,0.026543878656554713,0.0,42.18333333333334,,,
DoorDash_Help,1581,1574,1440,65,68,0.9733163913595934,2.0,2.807496823379924,0.9377382465057179,0.0012706480304955528,0.0590851334180432,0.613722998729352,0.3202033036848793,122.0,117.0,0.014612452350698857,0.0006353240152477764,20.866666666666667,,,
sizehelpteam,1482,1475,1184,70,130,0.8806779661016949,2.0,3.8020338983050848,0.6786440677966101,0.005423728813559322,0.2528813559322034,0.6549152542372881,0.22508474576271187,99.0,96.0,0.01423728813559322,0.0,76.21666666666667,,,
VMUcare,1381,1349,801,69,101,0.6968124536693847,5.0,25.610822831727205,0.251297257227576,0.17346182357301704,0.5181616011860638,0.9436619718309859,0.05337286879169755,88.0,96.0,0.04002965159377316,0.002223869532987398,12.35,,,
Kimpton,1339,1282,733,72,1084,0.797191887675507,2.0,3.329173166926677,0.0202808112324493,0.02418096723868955,0.8361934477379095,1.0,0.0078003120124804995,98.0,117.0,0.0046801872074883,0.0,69.3,,,
DunkinDonuts,1290,1277,1254,71,364,0.9788566953797964,2.0,2.31636648394675,0.5317149569303053,0.007047768206734534,0.42991386061080655,0.4072043852779953,0.42756460454189504,78.0,125.0,0.0,0.0,1333.0833333333333,,,
TwitterSupport,1290,1258,1164,65,952,0.9689984101748808,2.0,4.414944356120826,0.9992050874403816,0.9992050874403816,0.000794912559618442,0.008744038155802861,0.9992050874403816,126.0,61.0,0.07074721780604133,0.000794912559618442,8.325,,,
SCsupport,1329,1250,936,43,350,0.8768,3.0,4.0432,0.0136,0.4072,0.9264,0.6208,0.2632,122.0,119.0,0.0136,0.0016,3973.383333333333,,,
USCellularCares,1177,1174,505,70,72,0.48722316865417375,6.0,8.637137989778536,0.008517887563884156,0.04088586030664395,0.8083475298126065,0.985519591141397,0.018739352640545145,97.0,89.0,0.051959114139693355,0.0,7.483333333333333,,,
NeweggService,1079,1065,731,69,69,0.8629107981220657,3.0,3.827230046948357,0.4507042253521127,0.2507042253521127,0.3492957746478873,0.8892018779342723,0.12018779342723004,113.0,120.0,0.01596244131455399,0.0,21.4,,,
AWSSupport,1035,1034,839,81,371,0.9168278529980658,3.0,3.1711798839458414,0.0038684719535783366,0.6866537717601547,0.9903288201160542,0.9970986460348162,0.012572533849129593,128.0,115.0,0.004835589941972921,0.0,151.275,,,
PandoraSupport,1043,1022,843,66,386,0.8317025440313112,3.0,28.871819960861057,0.3816046966731898,0.2436399217221135,0.5185909980430529,0.8082191780821918,0.1888454011741683,101.0,102.0,0.008806262230919765,0.0009784735812133072,614.375,,,
AskRBC,1011,1009,804,75,1265,0.8513379583746283,3.0,3.3191278493557976,0.1823587710604559,0.17641228939544104,0.7948463825569871,0.998017839444995,0.011892963330029732,133.0,115.0,0.019821605550049554,0.0,23.033333333333335,,,
AskVirginMoney,914,906,368,68,71,0.4503311258278146,6.0,7.673289183222958,0.017660044150110375,0.008830022075055188,0.9359823399558499,0.9911699779249448,0.019867549668874173,105.0,100.0,0.02759381898454746,0.0,12.508333333333333,,,
BoostCare,907,900,600,71,100,0.8011111111111111,3.0,5.071111111111111,0.44333333333333336,0.0811111111111111,0.5,0.9822222222222222,0.028888888888888888,116.0,91.0,0.03777777777777778,0.0,47.06666666666666,,,
YahooCare,906,859,538,74,1071,0.6740395809080326,4.0,5.876600698486612,0.3084982537834691,0.27357392316647267,0.6461001164144354,0.9266589057043073,0.05238649592549476,119.0,109.0,0.027939464493597205,0.0,122.98333333333333,,,
OPPOCareIN,879,836,431,73,349,0.6566985645933014,5.0,8.295454545454545,0.1854066985645933,0.17105263157894737,0.7822966507177034,0.9425837320574163,0.050239234449760764,141.0,80.0,0.04784688995215311,0.008373205741626795,151.60000000000002,,,
HiltonHelp,833,829,672,57,288,0.8817852834740652,2.0,3.663449939686369,0.8069963811821471,0.009650180940892641,0.17852834740651388,0.7189384800965019,0.17973462002412546,125.0,120.0,0.016887816646562123,0.0,58.916666666666664,,,
PearsonSupport,841,822,590,71,78,0.7664233576642335,3.0,4.644768856447689,0.09975669099756691,0.5486618004866181,0.8844282238442822,0.7396593673965937,0.20316301703163017,128.0,95.0,0.0072992700729927005,0.0,9.383333333333333,,,
GooglePlayMusic,804,803,520,73,110,0.701120797011208,4.0,4.697384806973848,0.009962640099626401,0.40224159402241594,0.9713574097135741,0.933997509339975,0.043586550435865505,138.0,107.0,0.007471980074719801,0.0,16.25,,,
MTNC_Care,784,770,368,64,65,0.8012987012987013,4.0,5.297402597402598,0.37272727272727274,0.06883116883116883,0.509090909090909,0.9922077922077922,0.02077922077922078,105.0,98.0,0.023376623376623377,0.003896103896103896,30.641666666666666,,,
AskTigogh,715,713,291,74,578,0.6157082748948106,7.0,8.59046283309958,0.056100981767180924,0.08415147265077139,0.6760168302945302,0.9284712482468443,0.06872370266479663,88.0,72.0,0.08555399719495091,0.0,6.3,,,
askvisa,709,709,479,69,1130,0.8772919605077574,3.0,3.7376586741889986,0.03385049365303244,0.11706629055007052,0.9308885754583921,0.9703808180535967,0.03526093088857546,128.0,124.0,0.015514809590973202,0.005641748942172073,2983.85,,,
asksalesforce,710,704,397,54,385,0.7528409090909091,4.0,4.703125,0.22585227272727273,0.2002840909090909,0.6264204545454546,0.9928977272727273,0.02130681818181818,100.0,125.0,0.01278409090909091,0.0,46.59166666666667,,,
AskSeagate,639,638,335,65,1094,0.6724137931034483,4.0,6.705329153605016,0.07210031347962383,0.45297805642633227,0.9090909090909091,0.9764890282131662,0.03918495297805643,146.0,132.0,0.004702194357366771,0.003134796238244514,171.14999999999998,,,
MOO,630,612,476,60,307,0.8088235294117647,3.0,3.9607843137254903,0.09803921568627451,0.09803921568627451,0.5343137254901961,0.9362745098039216,0.06699346405228758,75.0,103.0,0.026143790849673203,0.0016339869281045752,82.05,,,
ask_progressive,612,611,546,70,288,0.9492635024549918,2.0,3.193126022913257,0.5450081833060556,0.4828150572831424,0.44189852700491,0.9574468085106383,0.05073649754500818,136.0,122.0,0.004909983633387889,0.0,92.68333333333334,,,
KeyBank_Help,555,552,340,73,79,0.7463768115942029,4.0,4.195652173913044,0.2572463768115942,0.07065217391304347,0.7137681159420289,1.0,0.018115942028985508,127.5,112.0,0.021739130434782608,0.0,20.708333333333336,,,
AskRobinhood,432,429,382,42,691,0.9020979020979021,2.0,7.524475524475524,0.05827505827505827,0.09090909090909091,0.5920745920745921,0.7435897435897436,0.20512820512820512,71.0,88.0,0.011655011655011656,0.0,793.1833333333333,,,
mediatemplehelp,305,302,159,73,95,0.6887417218543046,4.0,4.490066225165563,0.046357615894039736,0.2947019867549669,0.8973509933774835,0.9701986754966887,0.06291390728476821,137.0,108.5,0.016556291390728478,0.0,7.975,,,
JackBox,266,255,238,58,86,0.9019607843137255,2.0,3.0549019607843135,0.32941176470588235,0.0392156862745098,0.10196078431372549,0.5725490196078431,0.4392156862745098,43.0,94.0,0.03137254901960784,0.0,831.3,,,
OfficeSupport,218,211,90,65,395,0.5687203791469194,6.0,7.208530805687204,0.26066350710900477,0.24644549763033174,0.7298578199052133,0.990521327014218,0.05687203791469194,113.0,126.0,0.03317535545023697,0.0,134.05,,,
AskDSC,210,210,196,63,102,0.9523809523809523,2.0,2.4,0.7047619047619048,0.2571428571428571,0.21904761904761905,0.7571428571428571,0.21428571428571427,90.0,114.0,0.0,0.0,471.26666666666665,,,
CarlsJr,196,181,167,42,2803,0.8784530386740331,2.0,3.0552486187845305,0.06077348066298342,0.4143646408839779,0.7679558011049724,0.9834254143646409,0.0718232044198895,116.0,82.0,0.0,0.0,171.48333333333332,,,
HotelTonightCX,152,152,115,78,271,0.9868421052631579,2.0,3.348684210526316,0.23026315789473684,0.08552631578947369,0.7105263157894737,0.9868421052631579,0.07894736842105263,112.5,123.0,0.0,0.0,105.35833333333333,,,
